23.000	1.273e+10	2.94349	0.00149168	0.0149377	1.35712e-07	2243.9	0.476518	1.40631	4.15034	739.475	963.452	589.407	48	0.00174488	0.0268194	0.0238959	0.0968509	0.999996	0.0595658	0.0629195	0.106864	0.372551	0.562332	0.12589	0.14125	0.0323885	0.116281	0.0857539	0.0491769	0.00743929	0.0384915	0.00353216	0.0257522	0.0546877	0.0280271	0.0613018	0.0102914	0.0473119	0.00668294	0.00133341	0.00223852	0.00398069	0.0163102	0.0177809	0.0172763	0.00578678	0.00687754	0.00230371	0.00668206	0.00273782	0.00137214	0.00999766	0	0	0	0	0	0	0	0	0	0.00103244
22.000	2.86703e+08	1.5	3.19752	0.0133672	8.28698e-10	2525.84	0.680365	1.44144	3.05389	231.383	98.6513	41.6596	48	0.0105787	0.0952332	0.054705	0.353694	0.372713	0.117649	0.139792	0.524081	0.586375	0.601636	0.100658	0.347012	0.977082	0.25926	0.594926	0.0397598	0.144531	0.117614	0.0902889	0.378646	0.0669478	0.543837	0.495458	0.368849	0.126177	0.144506	0.317694	0.431699	0.0156078	0.320371	0.111052	0.225198	0.00550095	0.1065	0.0486286	0.172512	0.116952	0.00676021	0.167869	0.0306649	0.170176	0.0146978	0.158252	0.128342	0	0	0	0	0.0349105
26.000	7.11086e+07	1.9194	0.0134549	0.00622058	6.75569e-07	1048.68	2.62337	2.36106	2.62134	110.5	251.527	456.198	48	0.000166629	0.0344678	0.116787	0.104573	0.99947	0.0667833	0.386409	0.141009	0.561136	0.22329	0.210693	0.0485219	0.280798	0.593165	0.646602	0.192914	0.181993	0.040681	0.00176522	0.263935	0.361905	0.248694	0.107823	0.270779	0.312415	0.0349656	0.0878272	0.0493306	0.233389	0.0101293	0.0390742	0.101015	0.134653	0.0636392	0.109781	0.116084	0.0632018	0.00194133	0.0704771	0.0913148	0.0166403	0.0909191	0.139642	0	0	0	0	0	0.0071458
25.000	1.85014e+08	2.08718	0.0241769	0.00781615	3.47159e-08	10503	0.345945	1.17008	9.02276	489.548	442.625	128.515	48	4.12462e-05	0.0126245	0.0584204	0.0376419	0.993929	0.241922	0.202903	0.118871	0.135689	0.211387	0.115752	0.25225	0.114232	0.214515	0.00318814	0.0673506	0.089123	0.166464	0.0474026	0.0468913	0.219351	0.00273047	0.250172	0.180047	0.0578007	0.0835629	0.11692	0.0706047	0.0499549	0.185366	0.210428	0.369474	0.0668914	0.0358179	0.010382	0.0906656	0.0205413	0.0314155	0.0132334	0.0265541	0.0112407	0.0866239	0.0409787	0.00386237	0.0392259	0.094216	0	0	0.0249455
24.000	3.18683e+08	1.50546	1.34436	0.0137987	2.56578e-09	6779.68	0.397479	2.44984	5.04619	134.652	100.973	55.3081	48	8.75235e-05	0.0158571	0.145642	0.100665	0.987207	0.779656	0.194513	0.160967	0.581467	0.644863	0.674346	0.457281	0.0132548	0.284334	0.541378	0.128366	0.0409892	0.133308	0.116524	0.0905652	0.383785	0.0704861	0.51261	0.470401	0.321579	0.113342	0.125951	0.244273	0.349277	0.248776	0.00655738	0.069663	0.146204	0.0338927	0.0142776	0.0457756	0.055952	0.0787114	0.0100986	0.0715605	0.0043957	0.0569672	0.0111609	0.0585667	0.00665706	0	0	0	0.0354118
28.000	2.46874e+12	3.63391	0.00010176	0.0149173	3.58654e-12	614.897	0.518427	3.943	29.9893	1595.33	386.171	121.077	48	2.59245e-05	0.00927272	0.00399999	0.0145143	0.0158101	0.0203536	0.0333388	0.00403404	0.0174085	0.0248237	0.0592384	0.0544965	0.295435	0.999912	0.0707878	0.0188344	0.0223841	0.0205324	0.2738	0.0334913	0.00562253	0.281794	0.024402	0.0230369	0.0817366	0.0595536	0.00771617	0.0398014	0.0281767	0.0316147	0.0698212	0.0604584	0.0283132	0.0225623	0.0599889	0.0483048	0.0176313	0.00180966	0.0392822	0.031105	0	0	0	0	0	0	0	0	0.001
27.000	1.70788e+09	1.5	0.0228765	0.0147021	7.92073e-07	4925.24	0.425134	2.51492	7.03037	78.4736	16.5174	10.9436	48	0.00130662	0.223855	0.353087	0.372327	0.865556	0.793593	0.23013	0.273421	0.998098	0.0458679	0.250608	0.72661	0.187765	0.747462	0.544322	0.242999	0.105407	0.296643	0.00608945	0.222282	0.305072	0.430576	0.0235249	0.117818	0.322312	0.52524	0.00331095	0.161215	0.0427508	0.603824	0.293952	0.0522256	0.269036	0.602282	0.253617	0.130655	0.0924571	0.0534465	0.225359	0.211283	0.0459554	0	0	0	0	0	0	0	0.00673194
30.000	2.12011e+08	1.50866	1.07653	0.0136881	2.35281e-09	1473.7	0.934322	2.08516	7.78269	89.9834	120.347	69.3174	48	0.000453558	0.0645145	0.0213685	0.544463	0.121647	0.256468	0.351985	0.0124543	0.114228	0.116719	0.367506	0.251587	0.158726	0.121867	0.0913862	0.014739	0.493275	0.0675551	0.127232	0.17169	0.197902	0.383595	0.0953927	0.158353	0.00374492	0.139649	0.0719536	0.845502	0.209339	0.141777	0.00589149	0.124337	0.0612577	0.056739	0.0347422	0.0669301	0	0	0	0	0	0	0	0	0	0	0	0	0.0234376
29.000	5.89987e+08	1.5177	0.312743	0.0149856	1.02177e-08	1717.5	0.384988	2.21303	7.06995	5469.55	2569.44	612.681	48	6.27129e-05	0.00651961	0.882235	0.0537566	0.0304779	0.999081	0.0133162	0.0500191	0.0458782	0.00769638	0.00888749	0.00528424	0.00746411	0.025704	0.028805	0.0105045	0.0234817	0.00831838	0.00540168	0.0100961	0.00491641	0.0583748	0.0130512	0.00950911	0.00475447	0.00316986	0.0183423	0.00364981	0.00236907	0.0039673	0.0329298	0.0378884	0.00895366	0	0	0	0	0	0	0	0	0	0	0	0	0	0	0	0.0116917
32.000	1.4338e+09	2.08392	20.9456	0.0110565	1.89089e-08	805.157	0.0250087	5.14621	27.9675	30311.3	188.112	4.38581	48	0.000499337	0.0223849	0.0150919	0.0696789	0.209642	0.397497	0.216738	0.0650066	0.0902339	0.0960559	0.0604988	0.0758415	0.0833303	0.0241349	0.231447	0.195596	0.280199	0.0152718	0.235131	0.036171	0.0481844	0.10481	0.00428972	0.202958	0.262727	0.110758	0.0783113	0.151817	0.0829036	0.067774	0.848863	0.979853	0.0799966	0.0378486	0.0634338	0.0047559	0	0	0	0	0	0	0	0	0	0	0	0	0.00777504
33.000	4.91214e+08	2.11462	0.00638681	0.0148375	7.37583e-08	126.962	1.11144	1.11928	2.02551	446.972	644.725	505.043	48	0.00356994	0.62885	0.74724	0.0856589	0.359742	0.84785	0.754131	0.236721	0.303322	0.34031	0.570803	0.441333	0.410462	0.668311	0.59261	0.0840602	0.149527	0.0885546	0.0911049	0.167017	0.197055	0.327287	0.192816	0.134197	0.106574	0.495855	0.392966	0.0185751	0.110645	0.0182344	0.166324	0.0555757	0.157703	0.480383	0.209065	0.0660244	0.00362626	0.236682	0.049985	0.0203743	0.0226709	0	0	0	0	0	0	0	0.0449507
34.000	5.14529e+08	2.04941	0.113249	0.0148699	5.50221e-06	136.921	0.0285067	9.49098	6.28063	42650.1	225.087	447.328	48	0.000938814	0.0316114	0.0345745	0.0310682	0.999096	0.0530114	0.0344245	0.223367	0.162587	0.0628161	0.0913194	0.0483389	0.0512021	0.076492	0.152593	0.0152297	0.0700132	0.00622863	0.0170503	0.214032	0.067547	0.0757884	0.0100804	0.106757	0.142224	0.0336636	0.0455552	0.0590185	0.143418	0.00438811	0.0164893	0.0634969	0.00896312	0.0290394	0.0460189	0.0222704	0	0	0	0	0	0	0	0	0	0	0	0	0.0147369
31.000	6.37416e+08	1.51658	29.7876	0.0146662	4.85773e-12	1043.23	0.177832	2.57576	2.79878	315.172	6.12685	13.7588	48	0.00108086	0.10592	0.129514	0.103319	0.189261	0.154959	0.162761	0.145279	0.201224	0.120001	0.181224	0.486039	0.0770002	0.420533	0.0324431	0.529162	0.0593432	0.685263	0.236106	0.0242985	0.384085	0.483522	0.00722964	0.088426	0.341749	0.287544	0.0394331	0.455312	0.166097	0.030397	0.572331	0.986469	0.196081	0.219715	0.179554	0	0	0	0	0	0	0	0	0	0	0	0	0	0.00672064
35.000	7.15579e+10	3.10762	29.1278	0.0149881	3.63014e-20	15153.8	0.184774	8.88236	9.62648	6911.8	198.038	381.35	48	0.000647536	0.00033561	0.00669008	0.0398104	0.0532465	0.0617519	0.0592756	0.064287	0.0863042	0.97159	0.0668316	0.244052	0.02304	0.125884	0.133343	0.167863	0.188346	0.0578696	0.00817425	0.0386766	0.409666	0.230371	0.0817368	0.0108997	0.0728417	0.00707726	0.0707726	0.0137199	0.0446531	0.122274	0.00211261	0.12227	0.105876	0.0054613	0.999502	0.0530617	0.0890666	0.0749402	0.00472771	0.0630441	0	0	0	0	0	0	0	0	0.00139929
36.000	9.48248e+08	1.5	0.303225	0.0145426	4.52592e-09	2208.94	0.333242	2.67294	5.3551	404.293	125.91	51.2316	48	0.00754812	0.0857702	0.997932	0.610794	0.41995	0.609523	0.883854	0.495502	0.340827	0.00601691	0.110072	0.0895992	0.386854	0.0041989	0.176859	0.227928	0.441179	0.138734	0.0103988	0.150108	0.109361	0.00646932	0.0837908	0.00309655	0.0550369	0.0187526	0.131723	0.0428117	0.0119452	0.106445	0.243672	0.00543835	0.102211	0.239651	0.0477939	0.151065	0.327667	0.00397916	0.066589	0.131452	0.00285337	0	0	0	0	0	0	0	0.0235538
37.000	5.98991e+08	1.52484	2.68363	0.0137265	4.38986e-09	2375.92	0.368948	2.35792	6.44449	827.356	158.303	20.6471	48	0.0150898	0.126548	0.0520305	0.629389	0.118331	0.0512254	0.882393	0.934635	0.698509	0.440634	0.0276933	0.0675752	0.291846	0.41002	0.0353171	0.314552	0.0932819	0.953814	0.298991	0.0410327	0.256704	0.0676681	0.250348	0.00702966	0.155948	0.0603114	0.0515398	0.205071	0.0851015	0.00268509	0.0593314	0.41104	0.0177812	0.124608	0.166091	0.00133382	0.0686062	0.056421	0.0241203	0	0	0	0	0	0	0	0	0	0.0256942
39.000	3.84905e+09	2.32222	4.10801	0.0141895	3.40392e-09	888.665	0.113396	2.35994	3.12528	21164.3	2551.75	5227.9	48	0.00140318	0.00408111	0.00656382	0.00855041	0.867653	0.00707134	0.0740002	0.999436	0.0315949	0.0315949	0.057803	0.0970398	0.125675	0.0182607	0.0324536	0.0210744	0.0576712	0.0102478	0.0049903	0.029701	0.00592612	0.121662	0.023573	0.00484032	0.0835491	0.0140257	0.00148441	0.0406423	0.090984	0.00906509	0.0131601	0.00878254	0.0055412	0.00110222	0.0246715	0.00756725	0.0714388	0.0159637	0.00184339	0.0130498	0	0	0	0	0	0	0	0	0.00916238
38.000	2.75121e+13	2.03222	0.410274	0.00542968	1.42372e-09	10401.4	0.50839	0.402795	22.8054	21.818	78.3668	0.0050769	48	0.0343191	0.281838	0.283777	0.238539	0.244067	0.917262	0.891233	0.999979	0.0749873	0.00530869	0.183014	0.325448	0.199518	0.30724	0.00334945	0.051579	0.0630912	0.141244	0.23712	0.0122311	0.281815	0.0141242	0.0398068	0.0546333	0.0707877	0.0486913	0.0865868	0.145358	0.0446613	0.0433941	0.00153966	0.072849	0.0999805	0.001029	0.0630821	0.0230359	0.0029	0.0687697	0.0668171	0.00125859	0.0562107	0	0	0	0	0	0	0	0.001
40.000	6.09838e+08	1.5042	1.82244	0.0133698	2.7157e-09	3294.69	0.372796	2.3004	6.25918	126.74	52.7704	9.34097	48	0.999722	0.202088	0.220504	0.257877	0.17235	0.280587	0.835572	0.235495	0.93122	0.0451571	0.0695358	0.46268	0.0733033	0.0504205	0.688259	0.0470778	0.543461	0.0457174	0.605693	0.0762442	0.292781	0.390408	0.316646	0.365643	0.176545	0.0937163	0.031084	0.028871	0.235732	0.469802	0.171266	0.166385	0.109964	0.0600692	0.151354	0.285107	0.0521783	0.0982326	0	0	0	0	0	0	0	0	0	0	0.0259834
41.000	8.97885e+08	2.01036	0.193072	0.0149403	9.31438e-08	721.821	0.107979	5.60626	4.89285	1509.67	111.983	304.081	48	0.0114553	0.999922	0.562243	0.145333	0.0500943	0.0397856	0.0546002	0.0687201	0.00916125	0.0409216	0.00230119	0.0289607	0.16755	0.00915462	0.182583	0.0198957	0.0315326	0.00162577	0.0485326	0.0560143	0.144724	0.0664903	0.0114884	0.0296692	0.0279985	0.0279983	0.00108249	0.0362588	0.060852	0.00910483	0.0117876	0.00834469	0.012126	0.00171203	0.0341286	0.0263136	0.0128046	0.0152124	0.0107319	0.00337999	0.0253051	0.00231912	0	0	0	0	0	0	0.00687637
43.000	8.55268e+08	2.12124	0.0218075	0.00833293	2.20938e-07	1153.12	0.169372	2.07754	5.41907	1827.99	467.794	275.188	48	0.0352567	0.997748	0.360227	0.0786046	0.0200793	0.103786	0.0425229	0.112305	0.0842132	0.0859236	0.239798	0.0695525	0.199526	0.38678	0.0433335	0.0641436	0.12081	0.173228	0.00707507	0.0890895	0.0749451	0.113781	0.0757717	0.201595	0.0525865	0.0786789	0.0731698	0.0336285	0.0196998	0.0301067	0.0358628	0.00400622	0.0980978	0.036866	0.0100629	0.0336874	0	0	0	0	0	0	0	0	0	0	0	0	0.0368629
42.000	1.51638e+09	1.5	1.58843	0.0136158	2.39148e-09	4251.2	0.599467	1.09863	4.9782	153.499	37.9643	14.8147	48	0.0435795	0.630247	0.969166	0.997286	0.210399	0.0297192	0.0313995	0.0313993	0.372028	0.114271	0.360129	0.101495	0.538673	0.0927031	0.0736351	0.16883	0.0154793	0.501247	0.1728	0.182883	0.011823	0.229011	0.724172	0.127918	0.055513	0.0130659	0.052011	0.0316286	0.00383835	0.0482968	0.0826247	0.195913	0.0606637	0.0776232	0.019495	0.102292	0.0938113	0.0456699	0.00924313	0.0378571	0.047648	0	0	0	0	0	0	0	0.0260997
46.000	1.11289e+09	1.5	0.848579	0.014989	1.95097e-08	636.789	0.63635	2.54723	4.63065	71.1647	60.6902	60.2649	48	0.0582216	0.162835	0.446363	0.581849	0.669065	0.149196	0.289238	0.747581	0.306638	0.443804	0.430195	0.680116	0.124446	0.988506	0.428914	0.0180379	0.269856	0.390943	0.0112977	0.173942	0.109281	0.133672	0.230017	0.0499987	0.149251	0.00469838	0.0937145	0.255211	0.0113945	0.0438626	0.261161	0.0488658	0.0315132	0.010207	0.0361329	0.0683072	0.0181727	0.0759213	0.00368372	0	0	0	0	0	0	0	0	0	0.0208377
45.000	2.14309e+09	1.50005	0.0370876	0.0146475	2.51305e-07	3201.12	0.396249	2.45412	5.01889	1239.39	324.282	114.878	48	0.0647504	0.325348	0.999215	0.706957	0.223553	0.204904	0.628971	0.172238	0.216586	0.38515	0.0235807	0.210162	0.296586	0.497823	0.406816	0.192153	0.0510298	0.0015649	0.0959257	0.0853038	0.00277589	0.123701	0.185085	0.0734889	0.253348	0.075421	0.0776184	0.0141723	0.145854	0.00399235	0.0410774	0.00867963	0.0010586	0.0236965	0.0229442	0.00216475	0.018535	0.00522282	0.0535148	0.0490855	0	0	0	0	0	0	0	0	0.0145035
44.000	9.80266e+08	1.50021	0.0688373	0.00703793	3.80649e-08	5270.5	0.858811	1.19129	4.68434	471.257	554.046	365.64	48	0.0626114	0.0622671	0.361008	0.792546	0.129052	0.136698	0.198282	0.372464	0.28653	0.234239	0.673941	0.448238	0.670662	0.0792568	0.0647919	0.0702449	0.00590743	0.170283	0.0604149	0.138221	0.0635377	0.00211336	0.578303	0.158362	0.0263727	0.0301925	0.927652	0.0338742	0.0151292	0.0795117	0.13993	0.0372272	0.0318875	0.413152	0.000871457	0.000877895	0.0507667	0.0023714	0.0211141	0	0	0	0	0	0	0	0	0	0.0245361
47.000	1.61878e+09	1.50672	0.0580894	0.0141713	1.65898e-08	837.516	0.783644	3.09255	7.00437	204.409	78.13	20.753	48	0.024707	0.562191	0.316038	0.998933	0.0375436	0.97057	0.0354221	0.00942481	0.153622	0.0289368	0.00182425	0.324393	0.0887427	0.0108549	0.017185	0.0497827	0.332709	0.0128526	0.0279511	0.0990278	0.00641977	0.0572143	0.0879398	0.00330509	0.0494512	0.0261995	0.00638016	0.0269023	0.0138127	0.023057	0.0019965	0.00863968	0.022987	0.00498629	0.0153146	0.0662408	0.0121198	0	0	0	0	0	0	0	0	0	0	0	0.0127539
50.000	2.25887e+08	1.75927	0.0213066	0.00718986	4.14911e-09	1703.25	0.516266	3.38596	2.57731	1326.06	691.654	1386.51	48	0.02963	0.995922	0.108329	0.0535485	0.0958333	0.0292761	0.299662	0.256416	0.108133	0.383558	0.221981	0.179018	0.0449646	0.0279239	0.0161603	0.298917	0.0801737	0.00276271	0.0761157	0.00479443	0.0907514	0.0114241	0.0012059	0.0481812	0.0830492	0.00739252	0.0262688	0.00524038	0.00982571	0.0926822	0.0133552	0.00688745	0.0126129	0.0120584	0	0	0	0	0	0	0	0	0	0	0	0	0	0	0.0498735
49.000	3.183e+08	1.50869	3.24614	0.0136727	2.83191e-09	2185.56	0.50361	2.12464	2.9895	1100.82	374.559	325.212	48	0.0402749	0.998053	0.813942	0.0939031	0.166985	0.0467386	0.758264	0.598436	0.34618	0.0129217	0.0863494	0.060707	0.29539	0.831852	0.00571307	0.238982	0.0315569	0.0125325	0.2143	0.0387152	0.240814	0.0381629	0.0530788	0.0530788	0.00277558	0.0507214	0.0724291	0.0290776	0.00650886	0.00983613	0.0521207	0.00256166	0.0340431	0.00629507	0.0216436	0.010852	0	0	0	0	0	0	0	0	0	0	0	0	0.03445
51.000	8.89021e+10	3.26775	0.000116069	0.0116088	2.78928e-07	100	0.768218	12.4064	22.0273	626.921	68.3651	78.8773	48	0.0609602	0.0945379	0.996047	0.0764985	0.394577	0.415128	0.759643	0.0956259	0.212167	0.0820658	0.249379	0.0723338	0.00368778	0.130656	0.04435	0.0615836	0.336368	0.0947683	0.0391945	0.0984357	0.0117753	0.0417531	0.0645879	0.0860956	0.24918	0.0297097	0.0167158	0.0812708	0.0235993	0.00723773	0.033131	0.139655	0.00638919	0.00547609	0	0	0	0	0	0	0	0	0	0	0	0	0	0	0.0489824
48.000	3.42538e+08	1.51653	0.0193971	0.00638631	1.88876e-07	1442.56	0.589903	1.81853	3.39612	293.302	908.182	1386.89	48	0.00888293	0.998946	0.12986	0.0242814	0.137582	0.00781366	0.0607248	0.139913	0.127896	0.622799	0.0522592	0.0337066	0.0368134	0.168215	0.0669659	0.0838254	0.161486	0.0126093	0.0240307	0.100431	0.109483	0.106375	0.0250217	0.121841	0.0107632	0.0127868	0.0164203	0.00200631	0.0250227	0.00382444	0.0294173	0.0152523	0	0	0	0	0	0	0	0	0	0	0	0	0	0	0	0	0.0253515
52.000	7.74654e+08	1.5	1.4497	0.0135158	7.92552e-09	1812.98	0.640377	1.94923	8.29748	331.153	75.6662	16.4	48	0.177788	0.114973	0.999099	0.666991	0.59443	0.353562	0.363861	0.088804	0.0789872	0.0470494	0.0351931	0.144197	0.278794	0.104756	0.131877	0.0381219	0.116679	0.0802548	0.0026016	0.0327364	0.0422307	0.0460157	0.0546883	0.0305878	0.0790712	0.021526	0.0700558	0.0261646	0.0320014	0.0504221	0.00388903	0.141934	0.0194768	0.0223237	0.00674302	0	0	0	0	0	0	0	0	0	0	0	0	0	0.0233563
53.000	1.41631e+08	1.64419	0.294872	0.0149724	2.70408e-08	458.41	0.374744	1.75831	3.81667	365.694	323.967	422.949	48	0.999215	0.769368	0.0702999	0.0558391	0.248044	0.0381959	0.292828	0.116526	0.276319	0.0298605	0.0944252	0.417381	0.0412308	0.00712138	0.0443392	0.0395089	0.0377874	0.0356709	0.0688789	0.0312388	0.0544514	0.0343555	0.0558888	0.0366537	0.010329	0.00925465	0.0101217	0.0803228	0.00147122	0.00966224	0.00655027	0.00674031	0.00735327	0.00479428	0.000899471	0	0	0	0	0	0	0	0	0	0	0	0	0	0.0437089
57.000	7.35511e+08	1.50019	4.0113	0.0133349	3.08967e-09	5945.52	0.490666	1.17807	7.84677	254.718	211.929	7.36372	48	0.105888	0.998618	0.289352	0.840209	0.838722	0.182437	0.940999	0.372549	0.304577	0.00462444	0.0495972	0.221012	0.854888	0.426481	0.338759	0.0138778	0.0653175	0.27544	0.00300187	0.145317	0.122266	0.0430743	0.323004	0.01146	0.0717448	0.0024021	0.0252382	0.00231345	0.0484509	0.664823	0.00125211	0.0356473	0.0103389	0.00149901	0.0282266	0.00341034	0.0186191	0.0133622	0.030579	0.0305738	0	0	0	0	0	0	0	0	0.0292691
55.000	4.42614e+08	1.5	5.67185	0.0137467	1.31876e-08	11438.7	0.80435	1.15181	9.81665	230.073	413.852	5.84751	48	0.151751	0.999102	0.364435	0.0315089	0.193167	0.314445	0.181534	0.181533	0.37184	0.0350963	0.0589198	0.255662	0.556112	0.00403819	0.0233699	0.107015	0.0390782	0.13804	0.00613651	0.0376149	0.019296	0.0665207	0.0027104	0.111002	0.0220009	0.0092268	0.0797588	0.0168567	0.010254	0.00428916	0.00309464	0.00385813	0.00416329	0.00788573	0	0	0	0	0	0	0	0	0	0	0	0	0	0	0.0233811
56.000	8.79644e+07	1.50307	7.7471	0.014345	1.03202e-09	1428.65	0.265764	3.26818	3.89787	3339.19	103.161	38.9496	48	0.0782951	0.0352012	0.0268551	0.306953	0.0687802	0.212863	0.210603	0.289406	0.125478	0.996702	0.666095	0.419802	0.725339	0.0305448	0.140422	0.0910421	0.0383916	0.00234946	0.057341	0.0468769	0.0642093	0.0495553	0.0035013	0.0587657	0.0493451	0.0293822	0.0293813	0.0348259	0.0692896	0.0299785	0.0115563	0.00832228	0	0	0	0	0	0	0	0	0	0	0	0	0	0	0	0	0.0148715
54.000	1.32745e+09	1.51691	1.11246	0.0148325	8.73114e-08	453.771	0.942419	1.70595	4.69364	93.7491	90.4048	33.885	48	0.707789	0.57826	0.999117	0.459002	0.158174	0.500189	0.445102	0.575724	0.704026	0.0884276	0.394928	0.700237	0.0881523	0.0124101	0.0957781	0.0656299	0.552184	0.0184155	0.0199759	0.0017799	0.0094058	0.0768613	0.0161617	0.00833632	0.0759175	0.0116843	0.0424093	0.0084592	0.00194788	0.00969439	0.00808889	0.0358059	0.00749808	0.0129543	0.0157814	0.0096738	0	0	0	0	0	0	0	0	0	0	0	0	0.0231959
59.000	7.80438e+08	1.97895	0.0283678	0.0148669	1.59206e-07	3525.46	0.397787	2.05943	5.09537	1133.45	705.868	792.092	48	0.354793	0.943983	0.999916	0.917068	0.817335	0.122292	0.172693	0.145245	0.0648782	0.158261	0.188092	0.0514745	0.236642	0.0611311	0.00458418	0.140851	0.108612	0.0132851	0.00912932	0.0333371	0.00236007	0.0249991	0.0363026	0.00994107	0.00222308	0.057462	0.0228434	0.0015713	0.00228434	0.00764202	0.0405582	0.0104851	0.0110876	0.0340034	0.00929273	0.0160559	0.0109661	0	0	0	0	0	0	0	0	0	0	0	0.0118085
58.000	1.04006e+10	1.60594	0.0386709	0.0124554	2.31658e-08	15179.8	0.206219	5.32392	6.98009	578.805	20.5964	31.6168	48	0.707918	0.354758	0.999843	0.217444	0.0578557	0.00595291	0.0281661	0.188246	0.354465	0.0421281	0.298114	0.111984	0.375108	0.324817	0.0385828	0.00265385	0.0121929	0.0576889	0.0457884	0.0236186	0.0528298	0.102418	0.0575857	0.0703824	0.0627279	0.00256802	0.0144409	0.0332663	0.0626618	0.0051169	0.0287531	0.00186648	0.0171181	0.011425	0.00740834	0.0107344	0.00110472	0	0	0	0	0	0	0	0	0	0	0	0.0097482
61.000	3.34716e+08	1.91832	0.0221665	0.0117714	2.71663e-08	5680.55	0.500812	0.987451	5.99822	458.925	869.113	472.305	48	0.00235826	0.0164183	0.999288	0.86354	0.0863505	0.997152	0.0766853	0.171675	0.152239	0.0180933	0.10404	0.29321	0.0119174	0.0422842	0.0744764	0.118028	0.0402339	0.00199263	0.0216986	0.0196129	0.0021996	0.0148877	0.0148855	0.0026004	0.00412062	0.00621226	0.0113687	0.00383158	0.0140306	0.00181746	0.009947	0	0	0	0	0	0	0	0	0	0	0	0	0	0	0	0	0	0.01707
60.000	4.69264e+07	1.60533	27.2186	0.0119922	8.84501e-10	1242.74	0.159511	0.46298	4.36987	1546.86	1716.41	469.972	48	0.999582	0.324928	0.364563	0.0998321	0.0996225	0.121498	0.0209926	0.00405509	0.0203193	0.0856839	0.00311472	0.120463	0.0067386	0.184463	0.00199832	0.0669207	0.00547043	0.0384413	0.0166802	0.00175373	0.0440141	0.0168631	0.00652076	0.00140445	0.0198263	0.00381723	0.0104337	0.00900949	0.00561224	0.00361042	0.0185267	0.00115096	0.00940432	0.00276209	0.0039077	0	0	0	0	0	0	0	0	0	0	0	0	0	0.0318965
62.000	3.16529e+10	2.78276	0.000104004	0.00500072	1.54267e-07	2867.19	0.657756	5.60403	20.6468	1977.15	375.949	171.783	48	0.172063	0.995907	0.511224	0.468799	0.197688	0.716687	0.410898	0.176266	0.0896617	0.123054	0.0763809	0.00856843	0.00376838	0.00133495	0.0223749	0.0129487	0.000780614	0.0389406	0.0347023	0.00128032	0.0268904	0.00235977	0.00495783	0.00293624	0.00147053	0.00295692	0.000929709	0.00900413	0.0016896	0.0119361	0.0101164	0.00363672	0.011678	0.00113286	0	0	0	0	0	0	0	0	0	0	0	0	0	0	0.0499358
64.000	3.60571e+07	1.65876	0.000144976	0.0131038	5.96345e-07	1819.6	0.938591	2.45341	4.0644	142.266	654.14	1015.62	48	0.999968	0.0152706	0.0235501	0.917013	0.707739	0.199424	0.486719	0.344566	0.133249	0.125792	0.0749293	0.105802	0.09705	0.0793066	0.00770557	0.0577554	0.079267	0.0217066	0.0111903	0.00791696	0.0385527	0.00121845	0.0105494	0.0216464	0.00204225	0.00767337	0.00723671	0.0703139	0.00859128	0.00625219	0	0	0	0	0	0	0	0	0	0	0	0	0	0	0	0	0	0	0.00878987
63.000	5.02753e+08	1.82635	0.0859056	0.00540965	7.42621e-08	1014.69	0.027811	8.61704	12.0137	17396.5	172.842	620.748	48	0.00206812	0.11778	0.999857	0.211281	0.0840913	0.273685	0.129452	0.118743	0.153851	0.09987	0.00529942	0.0445889	0.0433078	0.0686346	0.0686332	0.108764	0.0706291	0.0108702	0.00167391	0.0129184	0.00941253	0.00182363	0.0132858	0.0458021	0.00222866	0.0045764	0.0105351	0.00444242	0.0204034	0.00910857	0.00591177	0.00181524	0.00406308	0.00607669	0.00241892	0.0128265	0.00303236	0.00570231	0	0	0	0	0	0	0	0	0	0	0.00326286
65.000	2.18867e+11	2.45306	0.0506683	0.00614753	1.99088e-07	642.418	0.123307	0.877025	16.6225	2979.54	1082.92	411.371	48	0.999979	0.0217502	0.125882	0.172751	0.199489	0.0409654	0.102886	0.163062	0.0188301	0.0118791	0.0397897	0.0243933	0.00890571	0.112116	0.00890339	0.00667658	0.0433555	0.0167704	0.0133173	0.00364681	0.0421115	0.0243725	0.00816096	0.00236718	0.00748457	0.00458792	0.00666887	0.0027324	0.00229792	0.00914309	0.00236283	0.00216688	0.00222863	0.0024296	0.0032375	0.00407253	0	0	0	0	0	0	0	0	0	0	0	0	0.00713089
66.000	5.24271e+08	1.50242	2.19795	0.014884	1.80808e-08	2172.94	0.23113	2.70605	2.70528	597.09	23.3355	78.1156	48	0.99931	0.420637	0.458549	0.666586	0.839076	0.121982	0.514353	0.0483933	0.00352568	0.0720531	0.0524985	0.0736858	0.10712	0.0803276	0.0423109	0.00844149	0.0176727	0.00166785	0.0269119	0.0129538	0.00354221	0.00414688	0.0145695	0.00290071	0.00141018	0.00419726	0.0130267	0.00156077	0.00537503	0.012444	0.00496415	0.00468405	0	0	0	0	0	0	0	0	0	0	0	0	0	0	0	0	0.0409545
68.000	8.32799e+08	2.18345	0.185105	0.00521774	9.96766e-09	7604.66	0.484233	2.73289	2.78121	495.051	408.406	1297.9	48	0.00188245	0.0591521	0.0640832	0.998312	0.574857	0.233537	0.00391984	0.0116996	0.0237467	0.0376348	0.0427806	0.00285898	0.00414592	0.00216391	0.144596	0.0125822	0.0398208	0.00344749	0.0111733	0.00853855	0.00202454	0.00364887	0.00299044	0.00260152	0.00293655	0.00282941	0.00275144	0.00646387	0.00232419	0.00232757	0.00238396	0	0	0	0	0	0	0	0	0	0	0	0	0	0	0	0	0	0.0165043
67.000	7.26276e+08	1.55168	0.180815	0.00593032	5.78256e-08	6335.09	0.69506	1.87047	5.68847	582.217	548.971	1012.8	48	0.999959	0.0266039	0.112184	0.177799	0.182988	0.0409581	0.0515632	0.0409581	0.0137156	0.0687408	0.00486491	0.0459264	0.029823	0.0943086	0.0298216	0.00188089	0.0122137	0.059477	0.00793102	0.00281391	0.0545265	0.0210779	0.00315374	0.0408626	0.0187855	0.0236476	0.00499563	0.00108656	0.0035359	0.00314999	0.00837768	0.00384767	0.00140352	0.00469828	0.0044329	0	0	0	0	0	0	0	0	0	0	0	0	0	0.00993008
69.000	9.19462e+08	2.29949	0.000299559	0.00714965	1.264e-07	15699.5	0.0203422	2.36108	30	912715	795.893	119.438	48	0.00596807	0.00447279	0.0891122	0.99999	0.17278	0.84136	0.172775	0.0891166	0.595606	0.023037	0.334909	0.230369	0.0728424	0.00365069	0.0118816	0.00205277	0.0999614	0.0334836	0.00749499	0.0273696	0.0344506	0.0129478	0.0177683	0.00771098	0.00409282	0.0102805	0.00397559	0.00334409	0.00500275	0.000815521	0	0	0	0	0	0	0	0	0	0	0	0	0	0	0	0	0	0	0.00123974
71.000	1.0692e+12	4	0.0896063	0.00571351	4.22817e-09	1681.28	0.652247	0.661585	0.673293	11440.8	26539.1	62951.9	48	5.97553e-05	0.995833	0.0380365	0.000970454	0.0662898	0.0192071	0.0935305	0.0156883	0.0234441	0.0221164	0.00214519	0.0175932	0.0012814	0.00309243	0.0267711	0.00869597	0.00329675	0.0254392	0.0105915	0.00951255	0.00219178	0.000922012	0.0017788	0.0101701	0.000956686	0.00070418	0.000519189	0.000503391	0	0	0	0	0	0	0	0	0	0	0	0	0	0	0	0	0	0	0	0	0.021961
70.000	5.46342e+08	1.50815	7.64133	0.0149995	1.0673e-07	388.67	0.241455	1.18551	1.08278	1444.9	396.189	1267.32	48	0.0078472	0.00349259	0.99708	0.0811477	0.968476	0.539481	0.376753	0.316892	0.00689632	0.0258386	0.33474	0.0814476	0.00457839	0.00363599	0.029239	0.0174087	0.0978468	0.015931	0.336514	0.133809	0.011624	0.0154915	0.251823	0.0280444	0.0204044	0.372979	0.103164	0.0422808	0.0730418	0.00518838	0.01572	0.00382824	0.0118561	0.00469668	0.00417438	0.0202434	0.00154456	0.00485566	0.00533404	0.0073308	0	0	0	0	0	0	0	0	0.0203674
72.000	2.84084e+08	1.76632	0.107825	0.00826222	2.56949e-08	5298.46	0.654458	1.00298	6.14573	368.513	748.902	798.097	48	0.00433637	0.000929098	0.993083	0.235492	0.0708529	0.0122421	0.0285616	0.00493135	0.0447945	0.223014	0.0912901	0.0543084	0.384445	0.0612929	0.0687492	0.00512797	0.0679847	0.0221264	0.0012503	0.00657593	0.0300958	0.0202918	0.00371176	0.00124058	0.0010688	0.00105407	0	0	0	0	0	0	0	0	0	0	0	0	0	0	0	0	0	0	0	0	0	0	0.0266229
73.000	4.97483e+08	2.02672	0.0428326	0.00653372	3.20244e-08	6987.04	0.375572	1.27078	10.4646	2177.23	1107.02	1571.05	48	0.0314404	0.0400062	0.0751822	0.999112	0.442186	0.490334	0.00792797	0.00298362	0.0424605	0.0594874	0.00804355	0.00291561	0.00762686	0.00710983	0.00326436	0.0418678	0.0574563	0.034217	0.046959	0.0352118	0.00834699	0.0590864	0.00423006	0.0298958	0.0181923	0.0424197	0.040043	0.00528455	0.00804357	0.00758564	0.00338729	0	0	0	0	0	0	0	0	0	0	0	0	0	0	0	0	0	0.0406977
74.000	1.36078e+10	2.99551	0.00597297	0.0146576	1.19188e-10	3735.82	0.272016	3.79294	4.05783	81010.4	1985.9	3529.27	48	0.000230736	0.00258496	0.0358316	0.125659	0.764687	0.412352	0.999503	0.486688	0.101733	0.023427	0.187932	0.0551121	0.199058	0.0364124	0.00210731	0.00229734	0.000861943	0.0187384	0.0333219	0.00228456	0.0157016	0.0248849	0.012053	0.00400994	0.00286994	0.00231935	0.00122053	0.00213848	0	0	0	0	0	0	0	0	0	0	0	0	0	0	0	0	0	0	0	0	0.00687662
75.000	2.03774e+08	1.9054	0.155941	0.00892088	4.6751e-08	2167.52	0.558992	0.896807	4.65538	9197.8	18637.3	7489.43	48	0.000111205	0.000247193	0.000223733	0.000457257	0.0100646	0.00939129	0.0154718	0.395572	0.967699	0.302584	0.0748141	0.197841	0.00776594	0.00243992	0.0049488	0.00385057	0.00479415	0.00459065	0.0125648	0.00250255	0.00245542	0.000643867	0	0	0	0	0	0	0	0	0	0	0	0	0	0	0	0	0	0	0	0	0	0	0	0	0	0	0.05
76.000	9.59699e+07	2.05007	0.000451504	0.0149456	5.33918e-08	1371.93	1.05231	1.52199	1.44902	7849.88	6982.61	11273.4	48	0.000183849	0.000146547	0.00182509	0.0459899	0.0748095	0.139535	0.88983	0.251051	0.999449	0.0545185	0.273238	0.229891	0.0121754	0.00144674	0.0074616	0.00192898	0.00105024	0.00304587	0.00935855	0.0018671	0.0121231	0.0132	0.0037055	0.0156254	0.00389956	0.00203556	0	0	0	0	0	0	0	0	0	0	0	0	0	0	0	0	0	0	0	0	0	0	0.00587664
77.000	2.89883e+08	1.91451	0.040482	0.0147314	2.33069e-08	782.285	0.261556	3.77559	4.0498	7899.16	3486.52	6070.71	48	0.0930591	0.086628	0.999806	0.105905	0.917092	0.00534644	0.00264987	0	0	0	0	0	0	0	0	0	0	0	0	0	0	0	0	0	0	0	0	0	0	0	0	0	0	0	0	0	0	0	0	0	0	0	0	0	0	0	0	0	0.0205194
79.000	2.42688e+09	1.88585	0.118533	0.0149997	4.7053e-08	7875.53	4.3508	0.97546	2.70665	64.33	890.991	710.93	48	0.00107478	0.00155908	0.000282365	0.00558014	0.237125	0.193988	0.23656	0.99993	0.0195584	0.00272773	0.020922	0.0120251	0.0065425	0.0450777	0.157107	0.00177044	0.00242338	0.0989454	0.0932845	0.00472075	0.00643784	0.0452335	0.01052	0.0234912	0.00107467	0.0195077	0.0934428	0.0135215	0.0197531	0.0130418	0.00770923	0.018815	0.0122181	0.0421211	0.0916218	0.0167574	0.0024361	0.00647651	0.0125428	0.00993593	0	0	0	0	0	0	0	0	0.00175025
78.000	2.48707e+08	1.57666	0.0477664	0.00761202	6.31136e-07	1528.4	0.570753	1.36601	4.12328	784.746	1143.57	1265.98	48	0.000180317	0.000657738	5.86117e-05	0.000213437	0.00100978	0.0205316	0.0685264	0.205986	0.970602	0.205914	0.00208311	0.00214943	0.000705302	0.0137243	0.0112057	0.00615206	0.00065648	0.000121959	0.000115017	0.00112408	0.000750267	0.00457745	0.00028791	7.04639e-05	0.000102308	2.7221e-05	2.48289e-05	0.000118118	0	0	0	0	0	0	0	0	0	0	0	0	0	0	0	0	0	0	0	0	0.0397749
80.000	2.14892e+08	2.01649	0.00556727	0.0126229	6.02367e-08	3829.02	0.737652	1.85905	7.26427	2099.22	1519.45	1325.17	48	0.0022598	0.0042161	0.00957798	0.0131711	0.557062	0.998784	0.578052	0.61221	0.354313	0.273448	0.199234	0.281403	0.00770579	0.00998423	0.00212743	0.0725557	0.00471093	0.00305919	0.0153318	0.032389	0.148896	0.024996	0.0396093	0.014464	0.000910031	0.00572794	0.00270973	0.00832236	0.00119949	0.00310017	0.0292647	0.00432701	0.00319965	0.00249354	0	0	0	0	0	0	0	0	0	0	0	0	0	0	0.0186416
81.000	9.98291e+07	1.75296	0.0386745	0.0149615	1.77429e-07	805.953	0.283003	1.13278	4.44259	10970.7	4682.53	3168.43	48	0.000391411	0.0285282	0.37072	0.622069	0.298285	0.99917	0.182847	0.108913	0.0793515	0.11486	0.000854074	0.00590135	0.011685	0.003259	0.00200684	0.0202816	0.0541613	0.0527869	0.144869	0.00528395	0.0016663	0.0121392	0.00555404	0.00147649	0.00135418	0.00165632	0.00830002	0.00309438	0.0022314	0	0	0	0	0	0	0	0	0	0	0	0	0	0	0	0	0	0	0	0.00550084
83.000	3.00559e+08	2.17215	0.030213	0.00837945	1.0048e-07	1559.76	0.605809	1.17112	3.91512	28982.7	82333.1	22085	48	1.28956e-05	0.000351787	0.00044001	0.00450298	0.00836173	0.0167366	0.0703735	0.429012	0.99628	0.7786	0.0490783	0.422678	0.172502	0.0456061	0.000577418	0.00224776	0.00164261	0.0262104	0.0760245	0.00369535	0.0102443	0.00343091	0.00543728	0.00664894	0.00498294	0.00333513	0.00249214	0.00191168	0	0	0	0	0	0	0	0	0	0	0	0	0	0	0	0	0	0	0	0	0.0279821
84.000	1.09641e+08	1.5	2.24109	0.0149182	2.22887e-07	573.446	0.789432	0.510757	6.98409	4526.74	13192.7	1259.24	48	0.000247951	0.000229367	0.000814484	0.00381034	0.17456	0.15918	0.977675	0.21886	0.389154	0.0947549	0.0690142	0.0448029	0.0266673	0.0224291	0.0205688	0.122345	0.0258514	0.12576	0.0498268	0.00228666	0.00555501	0.00826726	0.122626	0.00271579	0.0860342	0.0965193	0.00203245	0.0139496	0.00329433	0.00333125	0	0	0	0	0	0	0	0	0	0	0	0	0	0	0	0	0	0	0.0238327
85.000	3.34447e+08	2.12837	6.09296	0.0132532	1.34049e-08	351.465	0.293192	1.1891	8.46578	16134.4	4595.28	1071.13	48	0.000150273	0.000186741	0.000185913	0.0011268	0.000121773	0.0014335	0.00635747	0.147758	0.311659	0.921794	0.863215	0.81448	0.190658	0.899729	0.043781	0.0201197	0.162732	0.272582	0.228824	0.139512	0.013927	0.00839197	0.00350331	0.00191254	0.0399154	0.00264322	0.0119675	0.00400362	0.00199082	0.0350782	0.00481438	0.0123927	0.00821683	0.00123627	0.000319618	0.000941415	0	0	0	0	0	0	0	0	0	0	0	0	0.0455747
82.000	2.4386e+08	2.39086	0.212636	0.00961161	5.79494e-09	1057.03	0.330194	2.35239	3.31699	346228	26962.6	22403.8	48	4.40029e-05	0.00011377	0.00113738	0.00674728	0.00876163	0.493805	0.0435139	0.998455	0.315711	0.00410219	0.000647885	0.000694848	0.00333398	0.073689	0.060942	0.0108366	0.136415	0.00235679	0.0280094	0.0264425	0.0102277	0.00609183	0.0419008	0.00427945	0.0180456	0.00349812	0.00710263	0.000880718	0	0	0	0	0	0	0	0	0	0	0	0	0	0	0	0	0	0	0	0	0.0213561
86.000	1.47481e+08	2.08376	4.56808	0.0136938	2.94155e-08	6599.53	0.0670499	2.83171	3.40925	400910	2699.57	4992.16	48	5.74501e-05	0.000251049	0.000910687	0.00224092	0.0997721	0.0990347	0.14363	0.106307	0.0709953	0.0690542	0.0656602	0.823083	0.367399	0.0610231	0.0543191	0.558014	0.417025	0.285681	0.0934458	0.0113293	0.0137022	0.00996589	0.00861771	0.0268381	0.0188685	0.00242113	0.0105874	0.000137084	0	0	0	0	0	0	0	0	0	0	0	0	0	0	0	0	0	0	0	0	0.0483709
87.000	3.09733e+08	1.67773	0.0423258	0.00642777	3.18678e-07	1312.92	0.405161	1.59954	4.10167	14842.1	2989.14	15683.2	48	0.00028589	2.2709e-05	0.000509891	0.0166885	0.0119204	0.00903204	0.0180385	0.0205686	0.311944	0.205997	0.479694	0.330956	0.985291	0.208073	0.00349151	0.0369826	0.104206	0.00212035	0.0112674	0.019711	0.0104309	0.0104632	0.00275497	0.00227856	0.000704568	0.000129315	0.000545217	0.000849636	0.00262594	0.00147409	0.00155595	0.00134408	0.00846708	0.000945136	0.00211638	0	0	0	0	0	0	0	0	0	0	0	0	0	0.025942
88.000	8.53546e+08	1.67571	0.023992	0.00515111	3.01112e-07	1462.81	0.657047	1.09223	3.02537	1249.11	3266.98	4899.07	48	8.3776e-05	6.46358e-06	7.42707e-05	3.93668e-06	0.0001725	1.37516e-05	0.0014311	0.00149662	0.00150911	0.0016198	0.00549431	0.946078	0.119087	0.918323	0.020545	0.0531138	0.118907	0.00794664	0.0454626	0.00916377	0.023019	0.0143589	0.0130714	0.000170489	0.00022685	0.000968015	0.00132639	0.000778776	0.000726447	0.000101364	0.000166647	0.000498827	0.000374182	4.5842e-05	0	0	0	0	0	0	0	0	0	0	0	0	0	0	0.0465211
89.000	8.60228e+09	2.3897	0.0102741	0.0133703	4.5198e-11	331.407	2.5296	2.30064	11.7555	2253.04	4587.42	2756.62	48	1.60015e-05	2.69853e-05	0.000532489	5.00994e-05	0.000561932	0.000500585	0.000529731	0.0535092	0.0036948	0.0599602	0.0496843	0.00715495	0.00387027	0.0233355	0.0091012	0.0663678	0.0617051	0.0826856	0.77614	0.715466	0.190791	0.404957	0.999862	0.00249442	0.00906448	0.0441037	0.00781667	0.0140204	0.0228119	0.0316975	0.00277876	0.0583314	0.00309959	0.00980862	0.00106322	0.00271735	0.0229314	0.0272285	0.177735	0.00375397	0.0243771	0.00815742	0	0	0	0	0	0	0.00100011
90.000	8.98578e+07	1.91608	0.0913915	0.0149624	6.20311e-08	811.198	0.544895	0.930195	5.37203	139929	107315	12401	48	1.00677e-05	3.17824e-05	3.9989e-06	4.48656e-05	5.99863e-05	7.15971e-05	8.56425e-05	0.00046498	0.0573101	0.00649672	0.0318788	0.0232404	0.00206033	0.0233308	0.00368064	0.0076251	0.00149914	0.013365	0.00705515	0.0107901	0.220006	0.800575	0.752094	0.188394	0.668112	0.665628	0.117481	0.0658365	0.00702012	0.0343605	0.0130918	0.0238347	0.0172178	0.00405504	0.00126872	0.0010371	0.00798478	0.00523391	0.000655162	0	0	0	0	0	0	0	0	0	0.0409454
91.000	3.14842e+09	1.66945	0.118069	0.0148127	2.35802e-11	13360.5	0.0219261	4.6821	5.32332	229003	863.924	1417.49	48	0.00129989	0.000857286	0.000402783	0.00366451	0.000473043	0.000183955	0.00359201	0.00795247	0.0126714	0.000658196	0.021807	0.0337349	0.01572	0.0446528	0.0269961	0.0360247	0.0742806	0.0317249	0.0196656	0.0176561	0.00901415	0.00508605	0.0138281	0.083304	0.0220781	0.00523926	0.0710911	0.909317	0.114214	0.660817	0.454529	0.0736248	0.0291366	0.0189148	0.0161527	0.0135864	0.0132513	0.00723907	0.00591531	0.00931008	0.0191084	0.0567913	0.0219346	0	0	0	0	0	0.046579
92.000	1.45965e+08	2.0115	0.717214	0.0140837	1.03419e-09	1388.17	0.130352	2.64258	7.16581	1.3803e+06	31622.7	6917.8	48	8.99686e-06	3.13764e-05	1.87961e-05	6.87573e-05	1.1449e-05	0.000215227	0.000338719	0.000277981	8.8168e-05	0.00057071	0.0030513	0.00221394	0.00890522	0.00737586	0.00158473	0.00372617	0.007985	0.00114162	0.00261911	0.00653048	0.0500246	0.0241993	0.88542	0.788103	0.313612	0.043385	0.0137158	0.0196483	0.0177808	0.0102446	0.0194298	0.00484967	0.00113228	0.00308842	0.000767947	0.00160517	0.00271909	0.00533621	0.00234986	0	0	0	0	0	0	0	0	0	0.05
93.000	4.15379e+08	1.59077	0.0371303	0.00696325	1.46856e-07	1239	0.485376	1.19089	4.92163	10959.7	3022.15	2191.95	48	0.000406903	0.000536667	0.00254984	0.00157204	0.00115232	0.00277013	0.00873366	0.0138107	0.00930388	0.00322706	0.0472226	0.00462295	0.0248835	0.0146829	0.0691226	0.00403661	0.10973	0.0226301	0.0303467	0.00146336	0.015128	0.0029886	0.0341056	0.00592681	0.0316814	0.037292	0.239971	0.0878407	0.885572	0.108113	0.572413	0.0201385	0.0301087	0.00273917	0.0102621	0.00256613	0.00481926	0.00230832	0.0168092	0.00470906	0.00859042	0.00786246	0	0	0	0	0	0	0.0475333
94.000	5.66637e+07	2.11886	0.0101918	0.015	6.87004e-10	3422.68	0.820302	2.37102	6.70752	342350	109057	13603.3	48	7.33301e-06	1.42159e-05	0.000126697	0.000164117	4.37721e-05	0.000103475	0.000177639	7.12738e-05	0.120835	0.0370434	0.00807848	0.0346536	0.0617987	0.00944861	0.199575	0.0166838	0.00181876	0.0558715	0.105106	0.00242076	0.0114452	0.126743	0.00367423	0.0178015	0.0266288	0.108271	0.0323155	0.0691798	0.00977094	0.00317923	0.0121893	0.108607	0.856656	0.464481	0.00597148	0.115691	0.0115208	0.0198807	0.00949237	0.0199315	0.008888	0.00967487	0.0735725	0.00248065	0	0	0	0	0.05
96.000	1.98793e+13	3.45787	0.0001	0.0144268	1.58281e-20	387.879	0.0936388	1.67606	30	105590	11054.4	216.496	48	2.28992e-05	0.000219957	4.74023e-05	0.00102005	0.000184477	0.000391739	0.00256088	0.00639571	0.0646108	0.00420858	0.0700086	0.00329475	0.0185879	0.00158678	0.0873546	0.0935427	0.0139378	0.0182847	0.0312278	0.00124822	0.0316883	0.00542923	0.0258057	0.0965903	0.0446058	0.00326498	0.0172548	0.00531855	0.0116037	0.0377423	0.0069818	0.0510306	0.0135366	0.0395856	0.00577306	0.130068	0.467983	0.393094	0.999717	0.0259956	0.0194459	0.031669	0.00613153	0	0	0	0	0	0.001
98.000	2.78342e+08	2.32515	0.00799731	0.00835202	4.86684e-10	2818.71	0.844632	2.66081	8.38226	462794	287000	59905.6	48	0.000130402	1.84194e-05	0.000123807	0.00168591	0.00142546	0.002169	0.000406828	0.000647927	0.0131386	0.00250244	0.000208734	0.00423105	0.000211547	0.00487313	0.00140858	0.00174366	0.000337481	0.00624983	0.00137259	0.00148751	0.00944216	0.0132832	0.00636024	0.0114706	0.00267898	0.119432	0.0308116	0.0141091	0.0204432	0.606046	0.0880904	0.781382	0.310436	0.213316	0.251066	0.0198781	0.0294397	0.00189623	0.00284903	0.00290455	0.000418245	0.00438543	0.00102498	0	0	0	0	0	0.05
95.000	6.77087e+08	1.54549	0.373783	0.00685056	1.79107e-07	3320.74	0.146965	2.24662	3.86539	54983.3	3307.63	3692.18	48	0.000586553	0.0021408	0.00132372	0.000510324	0.000159815	0.00230777	0.00136187	0.00364633	0.00310519	0.000898221	0.00107131	0.00359656	0.0110491	0.0645059	0.0144387	0.00746145	0.00434706	0.00299589	0.0971772	0.133372	0.0426542	0.00719575	0.00738493	0.00959369	0.0352798	0.0217838	0.0106781	0.00901898	0.113402	0.00293424	0.031418	0.0689245	0.0539462	0.161246	0.644001	0.0379749	0.969606	0.297818	0.019275	0.00591703	0.0271091	0.00849617	0.0134022	0.0259826	0	0	0	0	0.0144021
97.000	4.11915e+08	1.50733	6.42396	0.0134328	7.06587e-08	1986.06	0.489643	1.32281	4.50383	8361.82	2891.8	228.135	48	0.00288326	0.00318395	0.000282333	0.0075456	0.0111458	0.00132486	0.000409431	0.00569989	0.00682348	0.00610791	0.116085	0.0339306	0.00829247	0.177577	0.0204403	0.164305	0.0141835	0.0825198	0.0751049	0.00415577	0.0453781	0.0198357	0.00515409	0.084224	0.0130333	0.0638723	0.0105812	0.0597166	0.0191876	0.0579609	0.0548527	0.248162	0.0625115	0.749108	0.732301	0.164051	0.87608	0.059993	0.0971857	0.0281488	0.0196903	0.0494095	0.0233219	0.00863545	0	0	0	0	0.0235487
99.000	5.88367e+08	2.21238	1.07359	0.0135191	1.08537e-07	287.647	0.395426	1.90592	9.18636	51791.1	40743.1	2915.54	48	0.000284114	4.64932e-05	0.000382763	0.000388605	0.000128825	0.000790765	0.000156636	0.000419546	0.000581467	0.0146428	0.0065192	0.00802844	0.0209924	0.00444224	0.000537749	0.00112919	0.00709398	0.0165448	0.00935002	0.0202449	0.000716254	0.0110313	0.00506686	0.0115107	0.0106629	0.00133902	0.00649482	0.00757338	0.00603454	0.124953	0.0115098	0.00653377	0.120907	0.0201726	0.148921	0.286378	0.668714	0.265759	0.148418	0.393871	0.240576	0.00936902	0.0572761	0.00125325	0	0	0	0	0.05
101.000	1.03699e+09	1.50019	0.22284	0.0149983	2.26237e-07	660.944	0.336457	1.39724	5.80246	1696.45	2109.58	370.238	48	0.0510834	0.331265	0.0228124	0.408931	0.169011	0.321852	0.992096	0.104971	0.209162	0.117855	0.406194	0.215621	0.00963109	0.144005	0.0171139	0.482105	0.234739	0.295455	0.215167	0.0088149	0.262973	0.165875	0.0175619	0.0855176	0.120622	0.0117197	0.0986048	0.0338735	0.035798	0.0134183	0.28358	0.0206117	0.224693	0.0920509	0.115288	0.182121	0.0790299	0.704155	0.744827	0.703074	0.418425	0.443071	0.341831	0.0313208	0.0468596	0.304172	0	0	0.0333944
102.000	6.98782e+08	1.5	0.392741	0.0146325	1.14751e-07	547.933	0.648397	1.49288	3.43722	1687.33	3346.74	1407.65	48	0.00290598	0.00116688	0.0190744	0.0378941	0.0361361	0.0148534	0.108818	0.161367	0.0324345	0.00852847	0.0391681	0.0415992	0.0923183	0.0101484	0.0874228	0.360131	0.338848	0.978367	0.0337205	0.0389164	0.0822006	0.178696	0.163748	0.046083	0.115625	0.0516365	0.145265	0.0315696	0.0968917	0.0528428	0.0272179	0.031298	0.0113791	0.0185579	0.0112434	0.0886278	0.0699048	0.0286309	0.0355215	0.0557768	0.0241969	0.341522	0.622964	0.554696	0.124172	0.165247	0.104004	0.0922737	0.0264589
103.000	9.78166e+08	1.64165	0.0155299	0.0117469	2.04796e-09	4517.33	1.69238	1.80861	1.93283	864.815	4071.75	4654.98	48	0.00371509	0.0014907	0.0422268	0.0404337	0.0165696	0.125754	0.0716365	0.0431946	0.0101326	0.0467992	0.049697	0.11138	0.00614706	0.0122908	0.0071283	0.0437569	0.30054	0.340927	0.963863	0.00536756	0.00441884	0.0108082	0.0128445	0.0785272	0.0331059	0.00382031	0.124081	0.0269153	0.0113485	0.0692094	0.0346689	0.00449129	0.0138949	0.0226579	0.00618516	0.159843	0.0356696	0.503138	0.422201	0.0612954	0	0	0	0	0	0	0	0	0.0344074
104.000	5.27323e+07	1.53939	2.10584	0.014995	1.89505e-07	100.872	0.382152	3.38593	30	1364.7	708.416	57.2074	48	0.0247205	0.00166034	0.0398101	0.109996	0.202698	0.0908288	0.291079	0.0164193	0.00777466	0.0134461	0.0550086	0.0322363	0.0242541	0.0182901	0.244118	0.0711732	0.00732773	0.0293989	0.213131	0.0100972	0.0521715	0.12317	0.0521221	0.0426747	0.0667436	0.122134	0.0217149	0.129346	0.167504	0.0863308	0.0162614	0.0333919	0.647156	0.576752	0.996514	0.499421	0.471456	0.0457896	0	0	0	0	0	0	0	0	0	0	0.00507861
105.000	2.47578e+09	1.50181	0.493825	0.0149939	8.05369e-09	1424.87	1.40085	3.71843	9.87022	214.721	229.897	43.9332	48	0.0277488	0.00186392	0.0446775	0.114502	0.1964	0.0879792	0.281808	0.0159085	0.00753401	0.0130324	0.0534342	0.0312595	0.0235084	0.0177141	0.235408	0.0685819	0.00705972	0.0282905	0.204329	0.00962998	0.0497438	0.116317	0.0491737	0.0402478	0.0575073	0.103491	0.0180568	0.107425	0.131732	0.0630347	0.0118548	0.02423	0.453954	0.402513	0.694459	0.346554	0.324976	0.0301611	0	0	0	0	0	0	0	0	0	0	0.05
100.000	2.76111e+08	1.89501	0.0192964	0.0149052	1.09631e-08	4678.11	0.718192	1.63496	2.53075	45646.5	36798.4	29898.4	48	0.0122856	0.00433939	0.0354728	0.00206821	0.000926688	0.020522	0.000436953	0.00529046	0.00279851	0.0077137	0.0054872	0.00516393	0.000495976	0.000396599	0.0237847	0.00383908	0.0103914	0.0112142	0.00707564	0.0108945	0.0865381	0.00472807	0.0816926	0.0472803	0.011876	0.137134	0.0344459	0.816829	0.188203	0.0793644	0.999134	0.0816793	0.00500736	0.00198826	0	0	0	0	0	0	0	0	0	0	0	0	0	0	0.0227598
106.000	2.94633e+08	1.5	0.113571	0.01498	1.65713e-08	10699.9	0.062491	1.27829	26.1481	7539.42	1308.27	18.1614	48	0.0269148	0.00180628	0.0435174	0.106272	0.230898	0.103757	0.354725	0.0200492	0.00949988	0.0164458	0.0705753	0.0417405	0.0314844	0.0238475	0.314678	0.0912744	0.00939389	0.0373955	0.26469	0.0121653	0.0627505	0.140412	0.0592087	0.0484037	0.0644184	0.117801	0.0209287	0.124657	0.163284	0.0852541	0.0160577	0.0329678	0.638136	0.568607	0.98239	0.492265	0.464588	0.0450487	0	0	0	0	0	0	0	0	0	0	0.0114389
107.000	2.35301e+08	1.5	0.369099	0.0149631	3.08429e-08	3654.58	0.134299	1.41961	15.0059	3243.24	1114.28	12.822	48	0.0325283	0.00218408	0.0524827	0.118473	0.227309	0.10203	0.33996	0.0192145	0.00910219	0.0157503	0.0659602	0.0387804	0.0292033	0.0220546	0.296728	0.0866317	0.00892124	0.0358683	0.261603	0.0120259	0.0620323	0.138859	0.0585557	0.0478705	0.0638098	0.116765	0.02076	0.123658	0.164764	0.0863154	0.0162585	0.0333858	0.647026	0.576635	0.996312	0.499318	0.471357	0.045779	0	0	0	0	0	0	0	0	0	0	0.00522402
108.000	1.16e+08	1.5	3.47413	0.011565	1.18822e-08	4162.71	0.0101748	0.411687	16.6575	52982.4	4764.56	34.7346	48	0.0392185	0.00263398	0.0631731	0.131485	0.225291	0.101054	0.331244	0.0187044	0.00885881	0.0153258	0.0632666	0.0370716	0.0278916	0.0210329	0.280668	0.0818285	0.00842347	0.033794	0.24496	0.0116005	0.0599394	0.136892	0.0577265	0.0471927	0.0629242	0.115158	0.0206449	0.123084	0.165031	0.0865073	0.0162949	0.0334614	0.648635	0.578088	0.998831	0.500595	0.472583	0.0459113	0	0	0	0	0	0	0	0	0	0	0.0029395
