id	family	param	value	dynamic
piano001	piano	midi	28	-
piano002	piano	midi	34	-
piano003	piano	midi	37	-
piano004	piano	midi	44	-
piano005	piano	midi	47	-
piano006	piano	midi	49	-
piano007	piano	midi	53	-
piano008	piano	midi	59	-
piano009	piano	midi	64	-
piano010	piano	midi	67	-
piano011	piano	midi	72	-
piano012	piano	midi	75	-
piano013	piano	midi	78	-
piano014	piano	midi	80	-
piano015	piano	midi	81	-
piano016	piano	midi	83	-
piano017	piano	midi	84	-
piano018	piano	midi	85	-
piano019	piano	midi	88	-
piano020	piano	midi	89	-
piano021	piano	midi	90	-
piano022	piano	midi	93	-
piano023	piano	midi	94	-
piano024	piano	midi	95	-
piano025	piano	midi	97	-
piano026	piano	midi	99	-
piano027	piano	midi	100	-
piano028	piano	midi	102	-
piano029	piano	midi	103	-
piano030	piano	midi	104	-
piano031	piano	midi	105	-
piano032	piano	midi	106	-
piano033	piano	midi	107	-
piano034	piano	midi	108	-
