id	family	param	value	modes_real	lowest_hz	highest_real_hz
bar00	bar	taper	0.2000	11	988.8	16642.9
bar01	bar	taper	0.2727	11	1025.3	17541.0
bar02	bar	taper	0.3455	11	1067.9	18546.9
bar03	bar	taper	0.4182	11	1113.8	19533.4
bar04	bar	taper	0.4909	10	1161.5	18601.0
bar05	bar	taper	0.5636	10	1210.4	19099.1
bar06	bar	taper	0.6364	10	1260.0	19574.5
bar07	bar	taper	0.7091	9	1310.0	16830.2
bar08	bar	taper	0.7818	9	1360.3	17463.9
bar09	bar	taper	0.8545	9	1410.8	18082.2
bar10	bar	taper	0.9273	9	1461.3	18685.9
bar11	bar	taper	1.0000	9	1512.0	19275.7
plate00	plate	aspect	1.0000	40	898.4	19288.2
plate01	plate	aspect	1.1818	35	1052.2	19781.0
plate02	plate	aspect	1.3636	28	1183.8	19283.0
plate03	plate	aspect	1.5455	26	1260.9	19246.8
plate04	plate	aspect	1.7273	23	1294.1	18327.5
plate05	plate	aspect	1.9091	22	1308.7	18954.3
plate06	plate	aspect	2.0909	22	1315.7	19618.5
plate07	plate	aspect	2.2727	19	1321.1	18906.2
plate08	plate	aspect	2.4545	17	1322.2	18937.8
plate09	plate	aspect	2.6364	17	1324.3	18819.2
plate10	plate	aspect	2.8182	17	1325.5	18866.5
plate11	plate	aspect	3.0000	16	1326.0	18639.3
bell00	bell	flare	0.0000	24	4176.8	18059.9
bell01	bell	flare	0.1091	26	3824.2	19404.8
bell02	bell	flare	0.2182	28	3462.6	19614.7
bell03	bell	flare	0.3273	32	3154.6	19666.0
bell04	bell	flare	0.4364	32	2898.2	19323.3
bell05	bell	flare	0.5455	35	2684.3	19610.0
bell06	bell	flare	0.6545	37	2504.2	19882.6
bell07	bell	flare	0.7636	39	2351.2	19894.5
bell08	bell	flare	0.8727	40	2220.1	19583.5
bell09	bell	flare	0.9818	40	2106.5	19015.4
bell10	bell	flare	1.0909	42	2007.4	19217.0
bell11	bell	flare	1.2000	46	1920.1	19980.9
