22.000	1.56351e+09	1.50732	0.560171	0.0147802	5.7244e-08	976.837	0.475216	1.8813	7.44778	281.505	117.817	33.1506	48	0.0117139	0.108829	0.0657306	0.458734	0.543651	0.109478	0.0899199	0.385565	0.557514	0.605224	0.101368	0.349462	0.984276	0.261397	0.600609	0.0401402	0.146126	0.119087	0.0915756	0.384721	0.0681473	0.554713	0.506475	0.377934	0.129609	0.148834	0.32914	0.448707	0.0162757	0.334129	0.116711	0.237659	0.00591616	0.114591	0.0524431	0.186054	0.126754	0.00732992	0.182727	0.0334007	0.186196	0.0160959	0.174046	0.14154	0	0	0	0	0.0288851
23.000	5.90271e+08	1.50732	0.560171	0.0147802	5.7244e-08	644.648	0.475216	1.8813	7.44778	258.304	228.745	116.405	48	0.00307946	0.0451763	0.0373759	0.133929	0.995481	0.0591996	0.067212	0.0854811	0.198511	0.228206	0.0524118	0.0636719	0.0259094	0.0882757	0.0657051	0.0636606	0.0150842	0.0877749	0.00636288	0.0550787	0.10021	0.0396413	0.0572197	0.00959795	0.0434045	0.00542791	0.00105253	0.00182618	0.00356899	0.0146135	0.0157733	0.0151549	0.00490019	0.00575137	0.00189906	0.0052386	0.00211248	0.00104233	0.00757403	0	0	0	0	0	0	0	0	0	0.0347312
24.000	1.56351e+09	1.51323	0.281936	0.0141078	2.54416e-07	976.837	0.475216	1.8813	7.44778	104.118	82.374	22.9881	48	0.000194396	0.0328265	0.264398	0.146652	0.994386	0.787883	0.197322	0.164832	0.5991	0.668828	0.704545	0.481666	0.0139673	0.302014	0.581019	0.137774	0.044479	0.144718	0.127926	0.10069	0.432669	0.0806486	0.597188	0.557284	0.388978	0.140039	0.159266	0.325516	0.478679	0.352072	0.00933496	0.106494	0.233025	0.0678617	0.028608	0.0945676	0.11565	0.173438	0.0224089	0.16887	0.0105775	0.146049	0.029004	0.167429	0.0192617	0	0	0	0.0234334
25.000	1.56351e+09	1.50732	0.0449118	0.0141078	2.73838e-07	2307.49	0.322067	1.8813	7.36809	467.716	132.096	58.8305	48	7.42461e-05	0.0217206	0.0920216	0.0504886	0.998727	0.243613	0.204838	0.132914	0.177086	0.28857	0.153027	0.332863	0.136217	0.221893	0.00331543	0.0700648	0.0932846	0.175411	0.0506894	0.0505777	0.238757	0.00299892	0.275021	0.199889	0.0648781	0.094214	0.132829	0.0811887	0.0574705	0.215452	0.247968	0.439863	0.0803344	0.0437227	0.0126808	0.112577	0.0258557	0.0397641	0.0167649	0.0342774	0.0166598	0.128545	0.0622809	0.00587803	0.0603574	0.146904	0	0	0.0114157
26.000	1.95679e+09	1.51685	0.0170968	0.0141078	2.73838e-07	2307.49	0.288452	1.67799	7.36809	447.773	157.126	63.6816	48	0.000204854	0.0410972	0.131956	0.109351	0.998648	0.0667041	0.385784	0.14063	0.559269	0.222388	0.209677	0.0482514	0.279189	0.589302	0.642302	0.191442	0.180406	0.04023	0.00174507	0.260637	0.356866	0.244852	0.105984	0.266067	0.306551	0.034174	0.0858353	0.0481221	0.227641	0.00987983	0.0379473	0.0980995	0.130688	0.0616541	0.106087	0.111867	0.0605622	0.00185937	0.0668688	0.0866376	0.0156783	0.0856604	0.131009	0	0	0	0	0	0.0114157
27.000	1.95679e+09	2.19873	0.0170968	0.0146944	2.73838e-07	953.8	0.322067	1.00601	7.48217	111.128	125.653	45.9783	48	0.00102392	0.223824	0.570302	0.472742	0.86479	0.792214	0.229607	0.272632	0.994537	0.0456717	0.249522	0.722853	0.186642	0.742913	0.540463	0.241013	0.104438	0.293108	0.0060128	0.219319	0.301003	0.424179	0.0231733	0.115896	0.316455	0.514751	0.00323908	0.157684	0.041547	0.586736	0.285464	0.05063	0.260159	0.582382	0.244565	0.125684	0.0888669	0.0512527	0.216066	0.199873	0.0434687	0	0	0	0	0	0	0	0.0114157
29.000	2.35748e+09	2.19873	0.0170968	0.0146944	1.14417e-08	1412.43	0.322067	1.00601	7.71037	6227.61	4300.2	1235.41	48	7.03278e-05	0.00719282	0.883479	0.0548808	0.0311005	0.995294	0.0132379	0.0496094	0.0454898	0.00760798	0.00878477	0.00518349	0.00732147	0.0250972	0.0279812	0.0101459	0.0225386	0.00793096	0.00514958	0.00931155	0.00453399	0.053609	0.0119176	0.00868222	0.00429633	0.00283405	0.0163851	0.00322164	0.00208704	0.00345676	0.0269894	0.0305376	0.0071015	0	0	0	0	0	0	0	0	0	0	0	0	0	0	0	0.0264716
30.000	2.85695e+09	2.24957	0.00484056	0.0117261	1.14417e-08	1412.43	0.126507	0.77955	7.93498	507.848	317.937	76.9947	48	0.000376282	0.055533	0.019716	0.541734	0.120692	0.214555	0.294218	0.00910068	0.0832362	0.0975725	0.355848	0.241917	0.152603	0.116276	0.0871918	0.0138296	0.462234	0.060411	0.113752	0.149516	0.171849	0.333003	0.0815084	0.132888	0.00312893	0.115201	0.0592489	0.650896	0.157168	0.103554	0.00419018	0.088198	0.0420926	0.0375945	0.0154869	0.0293239	0	0	0	0	0	0	0	0	0	0	0	0	0.0364765
31.000	2.35748e+09	2.19873	0.00677148	0.0117261	4.40701e-08	1599.4	0.183888	0.77955	7.71037	313.94	245.894	70.4987	48	0.000848596	0.109028	0.117266	0.117848	0.27754	0.227145	0.261043	0.23289	0.29244	0.173974	0.227099	0.472689	0.0744316	0.403869	0.0309697	0.504542	0.0561632	0.648223	0.221432	0.0227673	0.345793	0.435142	0.00643838	0.0786457	0.29997	0.252368	0.0341902	0.394045	0.141467	0.0258616	0.483726	0.802146	0.149974	0.164429	0.133525	0	0	0	0	0	0	0	0	0	0	0	0	0	0.0264716
32.000	2.85695e+09	2.20757	0.00677148	0.00909156	1.13047e-07	1599.4	0.114821	0.833553	7.71037	5053.92	1022.7	187.109	48	0.0010074	0.0406334	0.022588	0.0840634	0.191173	0.272617	0.15305	0.0535371	0.153992	0.196343	0.123858	0.155174	0.15015	0.0435528	0.344413	0.222563	0.270793	0.0145446	0.223683	0.0341988	0.0452733	0.098472	0.0040041	0.189387	0.243799	0.102596	0.071986	0.139546	0.0759413	0.0620732	0.753524	0.867629	0.0702444	0.0332242	0.0551074	0.00412644	0	0	0	0	0	0	0	0	0	0	0	0	0.0202847
33.000	2.85695e+09	2.20757	0.00677148	0.0117261	1.13047e-07	1599.4	0.148826	0.833553	7.9637	2622.54	409.131	64.4791	48	0.00433313	0.630226	0.655388	0.0983104	0.401939	0.859656	0.765639	0.241501	0.311715	0.349742	0.586969	0.461967	0.433915	0.707352	0.653876	0.094287	0.170954	0.105668	0.10874	0.203056	0.240771	0.410845	0.248759	0.178711	0.141945	0.668187	0.54115	0.025597	0.152472	0.0259756	0.237874	0.0829346	0.249118	0.796067	0.360593	0.113989	0.00650659	0.432192	0.0913256	0.0390064	0.0466123	0	0	0	0	0	0	0	0.0264716
37.000	7.56069e+08	1.50762	1.32694	0.0149779	1.31141e-07	1926.48	0.490396	1.89393	4.06027	590.602	213.229	115.702	48	0.0160922	0.128047	0.0526148	0.629953	0.118518	0.0513536	0.885573	0.938019	0.701895	0.442804	0.0278691	0.0680092	0.294242	0.414197	0.0357461	0.31845	0.0946669	0.970277	0.305125	0.0418754	0.262792	0.0695099	0.261421	0.00735069	0.163623	0.063284	0.0543481	0.216289	0.0902979	0.00285145	0.063318	0.442263	0.0191557	0.13777	0.183667	0.00148521	0.0764775	0.0634579	0.0272899	0	0	0	0	0	0	0	0	0	0.0205604
38.000	4.10824e+09	1.5	0.298818	0.0149774	5.77476e-09	2606.09	0.490396	1.21127	4.79744	165.098	180.004	53.3559	48	0.0343134	0.281651	0.28335	0.237903	0.243047	0.911743	0.883923	0.991597	0.0741817	0.00525122	0.180526	0.31998	0.196156	0.300974	0.00326926	0.0503237	0.061333	0.137229	0.230371	0.0118337	0.272445	0.0136539	0.0382871	0.0525446	0.0680727	0.0465693	0.0828063	0.137485	0.0418893	0.0406965	0.00143539	0.0678345	0.0923689	0.00095009	0.0577849	0.0210967	0.00263559	0.062463	0.0601114	0.0011304	0.047297	0	0	0	0	0	0	0	0.0200499
41.000	1.44196e+09	1.5017	0.969393	0.0148498	5.77476e-09	3457.79	0.604985	1.76186	5.19111	265.833	183.901	88.1471	48	0.0127017	0.99953	0.503292	0.0803604	0.0311413	0.0369277	0.0544065	0.0683876	0.00910327	0.0406617	0.00228655	0.0287282	0.165886	0.00906331	0.180383	0.0196097	0.0310793	0.00159865	0.047708	0.0549111	0.14144	0.0647676	0.0111906	0.0287463	0.0270728	0.0270718	0.00104412	0.0349685	0.0585901	0.00876609	0.0113023	0.00799981	0.0115981	0.00163349	0.0324112	0.0248588	0.0120512	0.0142885	0.00989693	0.00305092	0.0226444	0.00206546	0	0	0	0	0	0	0.0169212
42.000	2.22186e+09	1.5017	0.969393	0.0148498	1.48676e-07	3457.79	0.604985	1.76186	5.39201	109.316	79.8443	60.3483	48	0.0483244	0.630886	0.971379	0.999726	0.211253	0.0298402	0.0316002	0.0316001	0.375452	0.115356	0.364663	0.102776	0.545605	0.0942333	0.074852	0.172381	0.0158114	0.51434	0.177317	0.187807	0.0121904	0.236309	0.747274	0.132798	0.057635	0.0136572	0.0543699	0.0333051	0.00407072	0.0512448	0.0884557	0.209759	0.0661955	0.0856643	0.0215176	0.114104	0.107422	0.0523097	0.0107271	0.0439506	0.0553293	0	0	0	0	0	0	0	0.00829096
43.000	1.44196e+09	1.51587	0.969393	0.0148498	1.48676e-07	3414.69	0.604985	1.76186	5.19111	451.052	264.854	85.2081	48	0.0473137	0.999886	0.386713	0.115906	0.0257877	0.105816	0.0433563	0.115316	0.0864748	0.0889614	0.250605	0.0726921	0.210741	0.408552	0.0458369	0.0685464	0.129117	0.187581	0.00768458	0.09943	0.0836591	0.128741	0.0860281	0.228896	0.0608453	0.0910388	0.0882731	0.040581	0.0241537	0.0371819	0.0454256	0.0050958	0.131416	0.0493908	0.0139004	0.0465604	0	0	0	0	0	0	0	0	0	0	0	0	0.00829096
44.000	1.68632e+09	1.5017	1.13851	0.0146351	1.48676e-07	3414.69	0.602745	1.76186	5.39201	390.865	212.72	116.077	48	0.0645346	0.0736092	0.426266	0.890299	0.129323	0.136985	0.198934	0.374231	0.288382	0.235756	0.681219	0.454241	0.679648	0.0805596	0.0658582	0.07161	0.00602381	0.174215	0.061812	0.141947	0.065254	0.00217856	0.596376	0.163312	0.0273135	0.0314136	0.965187	0.0352455	0.0157427	0.083182	0.147204	0.039165	0.0337437	0.437208	0.000923179	0.000940752	0.0544262	0.00255997	0.0228053	0	0	0	0	0	0	0	0	0	0.0169212
45.000	1.2719e+09	1.5017	0.146571	0.0142545	3.87091e-08	3457.79	0.604985	1.76186	5.39201	845.559	413.64	167.956	48	0.0588027	0.297351	0.999715	0.707587	0.223756	0.20519	0.630237	0.172585	0.217181	0.386209	0.0236654	0.210918	0.29783	0.499966	0.408673	0.193243	0.0513815	0.00157762	0.0967131	0.0861264	0.00280293	0.125095	0.187172	0.0744432	0.25664	0.0765388	0.078772	0.0144047	0.14825	0.00405907	0.0417716	0.00882764	0.00107867	0.0241474	0.023433	0.00221173	0.0190751	0.00537571	0.0552388	0.0506684	0	0	0	0	0	0	0	0	0.00873315
46.000	1.2719e+09	1.50162	1.13851	0.0142545	2.47738e-08	3414.69	0.602745	1.89999	4.93662	73.6453	80.6331	146.581	48	0.0564638	0.172852	0.474479	0.686908	0.770654	0.149256	0.289355	0.747906	0.333677	0.444207	0.430729	0.6812	0.124649	0.990115	0.429627	0.0180748	0.270413	0.391944	0.0113326	0.174485	0.109688	0.13417	0.231009	0.0502192	0.149912	0.00472221	0.0941942	0.25672	0.0114626	0.0441553	0.26292	0.0492419	0.0317874	0.0103029	0.0364845	0.0692232	0.0184166	0.0770451	0.00374023	0	0	0	0	0	0	0	0	0	0.0193195
47.000	1.2719e+09	1.51587	1.93061	0.013913	2.03029e-08	2624.83	0.4547	1.89999	4.07847	404.68	116.417	140.495	48	0.0244223	0.561525	0.315195	0.994199	0.0373655	0.96588	0.0351596	0.00935486	0.151979	0.0286271	0.00179794	0.319671	0.0870559	0.0106477	0.0167741	0.048306	0.322795	0.0123955	0.0269311	0.0947767	0.00609691	0.0543284	0.0827871	0.00311139	0.0465498	0.024433	0.00588952	0.0248221	0.0124732	0.0202696	0.00175455	0.00748745	0.0199179	0.0042635	0.0130697	0.0556071	0.0101594	0	0	0	0	0	0	0	0	0	0	0	0.0297564
48.000	9.7268e+08	1.53339	1.13851	0.0131552	2.03029e-08	2624.83	0.359684	2.1638	4.07847	372.515	205.593	295.741	48	0.024451	0.997633	0.342912	0.0809776	0.330016	0.0170172	0.0600052	0.138252	0.125828	0.612715	0.0786697	0.0477291	0.0520311	0.162621	0.064737	0.080445	0.153719	0.0123864	0.0232958	0.0938215	0.102271	0.0993665	0.0231248	0.112595	0.00983015	0.0116719	0.01481	0.00180685	0.0222512	0.0033661	0.025772	0.0124058	0	0	0	0	0	0	0	0	0	0	0	0	0	0	0	0	0.0380015
49.000	9.12047e+08	1.53339	0.693653	0.0131552	1.06388e-08	2149.46	0.4547	2.27621	4.07847	1177.83	309.571	214.831	48	0.0506413	0.997369	0.812684	0.107872	0.191824	0.0465368	0.75354	0.593344	0.343173	0.0127781	0.0853854	0.0598798	0.291282	0.820046	0.00562884	0.234774	0.0308909	0.0122571	0.208797	0.0375414	0.23228	0.0368092	0.0509006	0.0509006	0.00264653	0.0483351	0.0685514	0.0273049	0.00611177	0.00916827	0.0485459	0.00236755	0.0314203	0.00569954	0.0195742	0.0096988	0	0	0	0	0	0	0	0	0	0	0	0	0.0400535
50.000	9.7268e+08	1.50281	0.693653	0.0134819	1.06388e-08	2149.46	0.4547	2.27621	4.66037	1318.98	423.28	277.96	48	0.0544307	0.997369	0.204136	0.093839	0.209131	0.0642559	0.414898	0.369657	0.15588	0.388686	0.224952	0.182304	0.0457909	0.0286003	0.0165521	0.308188	0.0832875	0.00287048	0.0797453	0.00502619	0.0959808	0.0120827	0.00127707	0.0515042	0.0898198	0.00799896	0.0287182	0.00572941	0.0107614	0.101541	0.0148435	0.00765562	0.0144949	0.0144374	0	0	0	0	0	0	0	0	0	0	0	0	0	0	0.0400535
51.000	9.7268e+08	1.53339	0.147815	0.0134819	1.29614e-07	2149.46	0.540977	2.27621	4.66037	369.351	197.9	225.573	48	0.148351	0.0962328	0.99762	0.076769	0.39598	0.417736	0.764465	0.0962359	0.214288	0.0828876	0.252996	0.0733842	0.00375896	0.133256	0.0455167	0.0636434	0.347667	0.0979657	0.0408387	0.102572	0.0123826	0.0439181	0.0686193	0.0914843	0.26502	0.0319355	0.0181814	0.0884554	0.0259869	0.00797616	0.0365776	0.15421	0.00742855	0.00664525	0	0	0	0	0	0	0	0	0	0	0	0	0	0	0.0380015
52.000	9.7268e+08	1.50281	0.147815	0.0134819	1.29614e-07	1715.51	0.676439	2.27621	4.66037	313.576	212.983	181.655	48	0.175152	0.114623	0.998991	0.666828	0.594283	0.353412	0.363704	0.0887655	0.0789338	0.0470176	0.0351586	0.144055	0.27843	0.104616	0.1317	0.0380551	0.11642	0.0800761	0.00259456	0.0326458	0.0420915	0.0458611	0.0545045	0.0304649	0.0787529	0.021424	0.0697233	0.0260204	0.0318246	0.0501075	0.00386446	0.141027	0.0193519	0.0221602	0.00667949	0	0	0	0	0	0	0	0	0	0	0	0	0	0.0247186
53.000	9.12047e+08	1.50281	0.588134	0.0134819	2.06847e-08	2528.52	0.676439	1.98154	4.66385	219.377	182.255	146.951	48	0.999859	0.771356	0.0707056	0.0561631	0.250622	0.0385938	0.297508	0.118431	0.280843	0.0305692	0.096668	0.430997	0.0430066	0.00743032	0.0467725	0.0416845	0.0403901	0.0381302	0.07387	0.0338799	0.0600399	0.0378824	0.0617641	0.0411459	0.0115962	0.0105945	0.0118359	0.0940012	0.00176238	0.0117446	0.00805928	0.00829437	0.00972216	0.00647229	0.00121838	0	0	0	0	0	0	0	0	0	0	0	0	0	0.018516
54.000	1.01015e+09	1.50281	0.588134	0.0135152	2.06847e-08	2763.38	0.594222	1.98154	4.66385	162.26	86.9277	113.686	48	0.707846	0.578442	0.999437	0.459265	0.158288	0.500551	0.445675	0.576825	0.705446	0.0886802	0.39608	0.703028	0.0885045	0.0124749	0.096279	0.0660653	0.555856	0.0185676	0.0201777	0.00179805	0.00951774	0.0777884	0.0163873	0.00845277	0.0771819	0.0118813	0.0432208	0.00862203	0.00198582	0.00990874	0.00829328	0.0368338	0.00773974	0.0133722	0.0164912	0.0101093	0	0	0	0	0	0	0	0	0	0	0	0	0.018516
55.000	6.01307e+08	1.5282	0.588134	0.0139547	5.77879e-09	2839.95	0.540977	1.98154	3.94898	316.122	315.147	360.41	48	0.0891124	0.999437	0.36471	0.0315513	0.193427	0.315109	0.182088	0.182087	0.373327	0.0352395	0.0591603	0.256727	0.558429	0.00406018	0.0234977	0.107759	0.0393504	0.139233	0.0062007	0.0380104	0.0195393	0.06736	0.00275037	0.112659	0.0223853	0.00940754	0.0813758	0.0171986	0.0104928	0.00440255	0.00318832	0.00398971	0.00432212	0.0082599	0	0	0	0	0	0	0	0	0	0	0	0	0	0	0.018516
56.000	1.01015e+09	1.5	0.588134	0.0135152	5.77879e-09	2839.95	0.594222	1.6408	4.61443	1697.77	996.039	249.962	48	0.069308	0.0316046	0.0242663	0.287287	0.0643448	0.222077	0.21087	0.289042	0.125251	0.994891	0.66486	0.418762	0.723539	0.0304456	0.139965	0.0906662	0.0382329	0.00233745	0.0570478	0.0466368	0.0638105	0.049247	0.0034757	0.058328	0.0489225	0.0291246	0.0291232	0.0344685	0.0684698	0.0295722	0.0113778	0.00814007	0	0	0	0	0	0	0	0	0	0	0	0	0	0	0	0	0.018516
57.000	5.20015e+08	1.5282	0.234405	0.0135152	5.77879e-09	2839.95	0.433373	1.94483	4.61443	497.946	691.546	195.107	48	0.0501107	0.999377	0.289884	0.84086	0.840189	0.182757	0.94268	0.445546	0.364243	0.00513791	0.0544194	0.22258	0.86096	0.430606	0.342039	0.0140134	0.0661478	0.278943	0.00304056	0.147673	0.124249	0.0439453	0.32954	0.0116922	0.0735158	0.00246202	0.0259846	0.00238277	0.0501558	0.688302	0.00129643	0.0372949	0.0108175	0.00157076	0.0295832	0.00359896	0.0196575	0.0144596	0.0337631	0.0337606	0	0	0	0	0	0	0	0	0.0196538
58.000	1.01015e+09	1.91786	0.0221847	0.0135152	8.07548e-09	3814.65	0.416493	2.75647	4.61443	257.803	102.974	146.285	48	0.707833	0.354588	0.999363	0.217209	0.057793	0.0059416	0.0281119	0.187884	0.353397	0.0420009	0.296814	0.111319	0.372879	0.322847	0.0382822	0.00263287	0.0120732	0.0571172	0.0452265	0.0233284	0.052042	0.100889	0.0567011	0.0691283	0.0616086	0.0025157	0.0141463	0.0325666	0.0613433	0.00499151	0.0279838	0.00181444	0.016633	0.0110534	0.00713478	0.0102309	0.00105271	0	0	0	0	0	0	0	0	0	0	0	0.0196538
59.000	1.19453e+09	1.95006	0.0221847	0.0107403	3.05926e-08	3814.65	0.324175	1.94483	4.61443	992.293	476.359	559.49	48	0.432479	0.910969	0.999973	0.917209	0.817462	0.122312	0.172754	0.145335	0.0649188	0.158416	0.188277	0.0515475	0.236978	0.0612493	0.00459304	0.141124	0.108887	0.013319	0.00915875	0.0334451	0.00236773	0.0250802	0.0364481	0.00998098	0.00223367	0.0577426	0.0229772	0.00158051	0.00229772	0.00769341	0.0408392	0.0105578	0.0111774	0.0343224	0.00939282	0.016229	0.0111379	0	0	0	0	0	0	0	0	0	0	0	0.00670149
60.000	1.76456e+10	2.40442	0.00216421	0.005	8.07548e-09	10975.8	0.108681	6.36967	7.75726	1675.34	97.4894	257.68	48	0.999995	0.325456	0.365167	0.0999981	0.0999958	0.122312	0.0211333	0.00409685	0.0205329	0.0865865	0.00316175	0.1223	0.00687706	0.188322	0.00205292	0.0687656	0.00562173	0.0397957	0.0172717	0.00182936	0.0459512	0.0177727	0.00687466	0.00149522	0.0211204	0.00409422	0.0112115	0.00970845	0.0061248	0.00397694	0.0205128	0.00129406	0.0105792	0.00315777	0.00485859	0	0	0	0	0	0	0	0	0	0	0	0	0	0.00331661
61.000	7.14846e+09	2.11274	0.0221847	0.00540495	8.66448e-08	2611.8	0.210141	2.10259	7.60693	1981.2	719.934	340.232	48	0.00222966	0.0154712	0.99989	0.86559	0.0865584	0.999561	0.0771028	0.172612	0.153721	0.0182698	0.105633	0.297713	0.0121832	0.0432277	0.0767588	0.121653	0.0418677	0.00209458	0.0228309	0.0208959	0.00234439	0.0160872	0.0160868	0.00285312	0.00452177	0.00694139	0.012704	0.00436515	0.0163439	0.00211758	0.0118617	0	0	0	0	0	0	0	0	0	0	0	0	0	0	0	0	0	0.00670149
62.000	7.14846e+09	2.11274	0.0429313	0.00540495	1.18551e-07	2611.8	0.210141	2.10259	7.60693	5435.37	915.152	409.878	48	0.179342	0.999926	0.515739	0.473073	0.199493	0.728402	0.4215	0.182897	0.0943193	0.129449	0.0816536	0.00916164	0.00409124	0.00145159	0.0243686	0.0141036	0.000864378	0.0433181	0.0386072	0.00145054	0.0306538	0.0027313	0.00577199	0.00343782	0.00172297	0.00353691	0.00111836	0.0108657	0.00210535	0.0149042	0.012902	0.00471028	0.0157671	0.00153194	0	0	0	0	0	0	0	0	0	0	0	0	0	0	0.00670149
63.000	1.19453e+09	2.11274	0.0429313	0.00540495	1.38728e-07	1847.82	0.320197	1.87245	4.42492	1394.86	681.918	925.591	48	0.00195507	0.11224	0.980228	0.20201	0.077587	0.252483	0.113932	0.104488	0.135025	0.0828373	0.00408983	0.0343897	0.0315198	0.0495318	0.0493697	0.0768185	0.0498671	0.00699489	0.00107472	0.00821461	0.00598252	0.00104101	0.00743117	0.0255989	0.00107661	0.00218978	0.00421052	0.00175827	0.00647946	0.00249576	0.00139446	0.000348712	0.000734081	0.000934488	0.000357043	0.00104024	0.000160074	0.000606922	0	0	0	0	0	0	0	0	0	0	0.0385335
64.000	4.51313e+09	2.11274	0.254303	0.00540495	2.07737e-07	1847.82	0.259312	1.83649	4.42492	947.25	387.367	445.78	48	0.99939	0.0545061	0.0839348	0.912236	0.703974	0.197574	0.482197	0.341286	0.13138	0.123965	0.0738397	0.10358	0.0950094	0.0770301	0.00748305	0.0555829	0.0762839	0.0208887	0.0106538	0.00744671	0.0362571	0.0011338	0.00978273	0.0197761	0.00184331	0.00688879	0.00637039	0.0618946	0.00740177	0.0052607	0	0	0	0	0	0	0	0	0	0	0	0	0	0	0	0	0	0	0.0385335
66.000	9.64875e+08	1.5	1.08575	0.00532597	3.78462e-07	1453.15	0.320197	1.83649	7.04022	811.994	310.822	193.354	48	0.999814	0.42141	0.459409	0.667869	0.840768	0.122229	0.515425	0.0486147	0.00354206	0.0726428	0.0529287	0.074636	0.108504	0.0813661	0.043105	0.0086004	0.0181308	0.0017115	0.0278369	0.0135138	0.00369925	0.00437904	0.0154971	0.00309032	0.00150422	0.00448711	0.0141201	0.00171789	0.00592073	0.0139534	0.0056781	0.00547608	0	0	0	0	0	0	0	0	0	0	0	0	0	0	0	0	0.0212814
69.000	8.62007e+08	1.97497	0.0451054	0.00532597	4.40331e-08	1453.15	0.533635	1.99724	7.04022	2554.72	1137.79	485.84	48	0.00730443	0.00547029	0.0976277	0.995754	0.171922	0.827184	0.169852	0.085737	0.573014	0.0214981	0.312384	0.214561	0.0652308	0.00324215	0.0105331	0.00176056	0.0850546	0.0284903	0.00599478	0.0218341	0.0254963	0.00957388	0.0124629	0.00519164	0.00249603	0.00619685	0.00209819	0.00150234	0.00204182	0.000214355	0	0	0	0	0	0	0	0	0	0	0	0	0	0	0	0	0	0	0.0250185
70.000	8.62007e+08	2.0061	0.0221226	0.00501345	1.98249e-07	1453.15	0.225705	1.99724	6.84837	2028.42	510.308	417.99	48	0.0142938	0.00633358	0.995596	0.0813545	0.966875	0.801963	0.567524	0.477475	0.00680424	0.0254526	0.329715	0.0800979	0.00450163	0.00357464	0.0284993	0.0169642	0.0953235	0.0155051	0.327422	0.130113	0.0111502	0.0148553	0.241034	0.0263194	0.0191343	0.349523	0.0941355	0.0373152	0.0644572	0.00443029	0.0133063	0.00323596	0.00952314	0.0036124	0.00286706	0.0131789	0.00099515	0.00294503	0.00268609	0.00269513	0	0	0	0	0	0	0	0	0.0250185
73.000	1.66943e+08	1.7822	0.0635291	0.00605673	7.56671e-08	1430.97	0.465755	1.38329	3.66974	916.064	1085.42	1412.1	48	0.0285599	0.0361001	0.0667853	0.999071	0.446268	0.530342	0.00919427	0.00322232	0.0427532	0.0594939	0.00672447	0.00242129	0.00636798	0.00530043	0.00243006	0.0263154	0.0404597	0.0305074	0.0447844	0.0351995	0.00834394	0.0590645	0.00222235	0.0136258	0.00823087	0.0423752	0.0400008	0.00527644	0.00802688	0.00756953	0.00336149	0	0	0	0	0	0	0	0	0	0	0	0	0	0	0	0	0	0.0416173
74.000	1.6137e+08	2.21581	0.00288745	0.0102156	3.98743e-08	15564.8	0.59356	0.785838	1.31098	33597.5	44348.8	43982.6	48	6.38619e-05	0.000791189	0.0247639	0.0884729	0.838882	0.432687	0.996889	0.249335	0.0377051	0.00889856	0.185664	0.0587118	0.196607	0.0358629	0.00207502	0.00226202	0.000840977	0.0182274	0.0324116	0.00218344	0.0149396	0.0236754	0.0111364	0.00356836	0.00230577	0.00173938	0.000866985	0.00112915	0	0	0	0	0	0	0	0	0	0	0	0	0	0	0	0	0	0	0	0	0.0172098
75.000	5.45972e+07	1.84409	0.0976299	0.00903854	1.99286e-07	1273.66	0.536779	1.39921	2.59175	9488.59	9970.46	17636.3	48	0.000240395	0.000522899	0.000199043	0.000407795	0.00947885	0.00886496	0.0146464	0.392191	0.971511	0.305261	0.0757097	0.189501	0.00992666	0.00326807	0.00706167	0.0039948	0.00498108	0.004779	0.013633	0.00271605	0.00288033	0.000926383	0	0	0	0	0	0	0	0	0	0	0	0	0	0	0	0	0	0	0	0	0	0	0	0	0	0	0.0469299
77.000	7.99538e+07	1.7066	0.0440285	0.0147337	3.97262e-08	1868.07	0.596111	1.98884	3.46375	2128.84	4553.8	7705.19	48	0.116521	0.105909	0.999909	0.105573	0.917189	0.00643798	0.00459346	0	0	0	0	0	0	0	0	0	0	0	0	0	0	0	0	0	0	0	0	0	0	0	0	0	0	0	0	0	0	0	0	0	0	0	0	0	0	0	0	0	0.0140563
79.000	7.99538e+07	1.54205	0.029354	0.0147337	3.97262e-08	1868.07	0.314314	1.45421	3.86033	1778.24	677.498	577.467	48	0.00107922	0.00163371	0.000295906	0.00585141	0.236331	0.193142	0.23607	0.995497	0.0149154	0.0020853	0.0163141	0.00939437	0.00512188	0.034787	0.122575	0.00140221	0.00192049	0.0796469	0.0751341	0.0040137	0.00571226	0.0403247	0.0121118	0.0272014	0.00128598	0.023505	0.112771	0.0165286	0.0233376	0.0151515	0.00717078	0.0174826	0.0113503	0.0391064	0.0850568	0.0148838	0.0021598	0.00543363	0.00979851	0.00634542	0	0	0	0	0	0	0	0	0.0140563
80.000	9.62238e+06	1.54205	0.000128241	0.0131884	2.00131e-07	866.518	0.300718	1.16601	7.70995	4363.15	2193.05	1125.59	48	0.00241029	0.00449589	0.0102004	0.0140253	0.554362	0.991998	0.574095	0.607493	0.351527	0.271254	0.197603	0.278602	0.0074289	0.00958721	0.00217233	0.0708583	0.00459686	0.00298511	0.0149582	0.0315185	0.14487	0.0243158	0.0384945	0.0140551	0.000870162	0.00540103	0.00255263	0.00782126	0.00107195	0.00276626	0.0260977	0.00359284	0.00243353	0.00167133	0	0	0	0	0	0	0	0	0	0	0	0	0	0	0.0478615
81.000	7.99538e+07	1.52417	0.029354	0.0149698	3.22163e-08	1868.07	0.353336	1.21593	4.37449	3101.73	2280	1630.45	48	0.000915101	0.0286411	0.383661	0.630082	0.295981	0.993629	0.181687	0.108208	0.078809	0.114553	0.00139242	0.00957756	0.0153564	0.00400949	0.00226046	0.0187341	0.0498328	0.0484246	0.135771	0.0051192	0.00158411	0.011529	0.00510301	0.0013484	0.0012356	0.00151046	0.00756132	0.00266224	0.00177967	0	0	0	0	0	0	0	0	0	0	0	0	0	0	0	0	0	0	0	0.0152564
82.000	9.00493e+08	1.52417	0.029354	0.0146756	1.12338e-07	993.687	0.353336	1.16601	5.14851	6270.81	2636.56	1280.79	48	0.000832609	0.00211743	0.0231375	0.048015	0.0554397	0.55864	0.0497664	0.997762	0.561011	0.0273028	0.00458338	0.00419809	0.01532	0.0743545	0.0607793	0.0108074	0.136043	0.00235027	0.0279314	0.0263688	0.0101989	0.00607451	0.0417805	0.00425239	0.0179313	0.00347582	0.00702117	0.000864599	0	0	0	0	0	0	0	0	0	0	0	0	0	0	0	0	0	0	0	0	0.0257055
83.000	1.31665e+09	1.52417	0.0322036	0.0146756	1.12338e-07	1649.92	0.507933	0.980205	5.14851	1977.59	2111.63	624.006	48	0.000238791	0.00641099	0.00783575	0.037624	0.0681152	0.13104	0.126374	0.516156	0.997098	0.792017	0.0647458	0.61121	0.280973	0.0747584	0.00222712	0.00574824	0.00395328	0.0262974	0.0762776	0.00370916	0.0103203	0.00345649	0.0054779	0.00669905	0.00502118	0.00338131	0.00252866	0.00195505	0	0	0	0	0	0	0	0	0	0	0	0	0	0	0	0	0	0	0	0	0.0247136
84.000	1.31665e+09	1.55002	0.0388596	0.0146756	1.12338e-07	1649.92	0.509588	0.753985	4.37449	3674.86	4722.13	1525.94	48	0.000574059	0.000531513	0.00199618	0.00926538	0.233521	0.19714	0.976006	0.218486	0.388485	0.0945751	0.0688813	0.0447156	0.0266138	0.0223835	0.0205265	0.12208	0.025795	0.125476	0.0496961	0.00228036	0.00553773	0.00823816	0.122655	0.0028235	0.0728215	0.0817114	0.00199872	0.0137155	0.00323794	0.00322006	0	0	0	0	0	0	0	0	0	0	0	0	0	0	0	0	0	0	0.0247136
87.000	4.30398e+08	1.52994	0.0240928	0.00683088	5.49396e-08	3574.36	0.446293	1.20231	4.15029	5798.37	4285.41	2582.84	48	0.000285681	2.26922e-05	0.000438459	0.0122661	0.00878845	0.00668661	0.0133883	0.0152938	0.232393	0.156332	0.377201	0.278672	0.947024	0.199557	0.00334442	0.035421	0.0997408	0.00133159	0.00733039	0.0129199	0.00686159	0.00684914	0.00180115	0.00148834	0.000459199	7.3476e-05	0.000301749	0.000465716	0.00143252	0.000772601	0.000998971	0.000897638	0.00562436	0.000135117	0.000302125	0	0	0	0	0	0	0	0	0	0	0	0	0	0.0495224
88.000	6.59299e+08	1.56847	0.0329976	0.00789694	5.49396e-08	1985.42	0.47988	1.32738	4.15029	2845.35	4035.77	4857.82	48	0.00118207	9.14699e-05	0.00104816	5.56689e-05	0.00239281	0.000191099	0.0193933	0.0202486	0.0123151	0.0129535	0.0423881	0.981567	0.123566	0.953402	0.0213393	0.055167	0.123504	0.00825414	0.123378	0.0318851	0.103717	0.075541	0.0755201	0.00146181	0.00299271	0.0145522	0.0205478	0.0186631	0.0173423	0.00238595	0.00292171	0.0086803	0.00650363	0.000794848	0	0	0	0	0	0	0	0	0	0	0	0	0	0	0.0270523
89.000	2.4727e+09	1.56578	0.141821	0.00789694	2.40335e-07	1985.42	0.377574	1.46481	2.57869	13092.7	5230.43	8736.16	48	5.02788e-05	8.47502e-05	0.00164357	0.000155621	0.00206187	0.00169042	0.00179034	0.0818986	0.00482913	0.0771909	0.0588313	0.00854665	0.00412435	0.0243486	0.00932223	0.0633353	0.0577488	0.0726547	0.660159	0.609708	0.162737	0.346132	0.958584	0.0024043	0.00877638	0.0427337	0.00759775	0.0138884	0.0226521	0.0319684	0.00300952	0.0671648	0.00366716	0.0122527	0.0013356	0.00384573	0.0323385	0.0185748	0.120102	0.00255904	0.016477	0.0037436	0	0	0	0	0	0	0.0174322
90.000	9.83156e+08	1.64357	0.0329976	0.00525226	4.69683e-08	1985.42	0.47988	1.32738	5.48656	21006.7	12749.2	5254.93	48	9.01788e-05	0.00053575	7.50676e-05	0.000852589	0.00126068	0.00150216	0.00148363	0.00795785	0.0589296	0.00704523	0.0527018	0.0394493	0.00345844	0.0389102	0.00542273	0.0111824	0.00214447	0.018159	0.00944564	0.0142606	0.255912	0.909757	0.857126	0.215054	0.762882	0.761711	0.13521	0.0979686	0.0122876	0.0632908	0.025881	0.0544377	0.0407648	0.0107974	0.00341311	0.00335743	0.0119271	0.00789065	0.00206556	0	0	0	0	0	0	0	0	0	0.0270523
91.000	1.07589e+09	2.02583	0.0329976	0.00750119	4.69683e-08	1985.42	0.47988	1.25459	7.61372	52816.6	17482.3	6550.48	48	0.000208166	0.000137234	6.44309e-05	0.000589019	7.59298e-05	2.95031e-05	0.000535534	0.00119354	0.00200539	0.000103999	0.00577345	0.00898326	0.00485702	0.0139573	0.0112471	0.0167236	0.0372613	0.0162122	0.0103074	0.0100323	0.0053254	0.00303145	0.00872405	0.0540284	0.0176523	0.00417677	0.0645918	0.986989	0.121951	0.718884	0.493702	0.0805833	0.0298177	0.0192342	0.0124319	0.0103987	0.00718295	0.00383226	0.00311856	0.0133808	0.027476	0.0819825	0.0317061	0	0	0	0	0	0.0174322
92.000	9.83156e+08	1.50222	0.0572421	0.00525226	3.1535e-09	5440.38	0.74269	0.973964	7.99986	7035.07	10457.5	1522.29	48	1.02604e-05	3.56262e-05	2.13363e-05	7.77269e-05	1.29825e-05	0.000240486	0.000371163	0.000299563	9.62105e-05	0.000376041	0.00197835	0.00119146	0.00415603	0.0033176	0.000705226	0.00164356	0.00343217	0.000492189	0.00112206	0.002827	0.022551	0.0117961	0.885464	0.788142	0.313628	0.031138	0.00869303	0.0106951	0.00919743	0.00452545	0.00793726	0.0018689	0.000286471	0.000747649	0.000133262	0.000260525	0.000419837	0.000361807	0.000161109	0	0	0	0	0	0	0	0	0	0.0499902
93.000	1.55134e+09	2.08527	0.0055485	0.00750119	3.968e-07	288.543	0.511459	0.737961	7.98886	67123.6	30255.7	5092.35	48	3.0145e-05	3.98691e-05	0.000189769	0.000116841	8.56515e-05	0.000219248	0.000677898	0.00104338	0.00070351	0.000499863	0.00743564	0.000994564	0.00559976	0.00353607	0.0181327	0.00109531	0.0325433	0.00683866	0.00940121	0.000495848	0.00523749	0.00135208	0.0171957	0.00311551	0.0174945	0.0238939	0.241002	0.0904383	0.992144	0.121345	0.64409	0.0228409	0.0341738	0.00313305	0.0117728	0.00295636	0.00556771	0.0027085	0.0197339	0.00555969	0.0140869	0.01292	0	0	0	0	0	0	0.0122497
94.000	2.09746e+08	1.97586	0.0375626	0.00750119	1.41979e-08	1254.85	0.456075	0.891287	7.94073	141440	137412	2282.88	48	8.09109e-06	1.58106e-05	0.000143217	0.000207782	7.49888e-05	0.000175804	0.000294578	0.000118044	0.0105014	0.00333618	0.00100377	0.00427555	0.00740812	0.00127908	0.0285054	0.00296917	0.000322892	0.0100756	0.0204673	0.000463296	0.0022657	0.0466207	0.00135016	0.00866299	0.0131551	0.0916028	0.0272383	0.0715661	0.0101082	0.00328919	0.012639	0.112622	0.889894	0.48344	0.00554999	0.107476	0.0100824	0.0172539	0.00755532	0.0160146	0.0107239	0.0116787	0.0892171	0.00302897	0	0	0	0	0.0435849
95.000	1.93019e+08	1.97586	0.0375626	0.0140592	1.41979e-08	1254.85	0.45015	0.891287	6.69368	88076.3	60170.7	3087.1	48	8.08204e-05	0.000296493	0.000185558	7.12993e-05	2.23332e-05	0.000325706	0.000208396	0.000558768	0.000489468	0.000143892	0.000171813	0.000573777	0.0115992	0.0698295	0.0443502	0.0228718	0.0116509	0.00801257	0.245248	0.336593	0.106182	0.0178068	0.0171982	0.0222771	0.0650118	0.0361754	0.0145329	0.0122228	0.135566	0.0035022	0.0347791	0.075585	0.0582513	0.143785	0.555087	0.033061	0.803304	0.246215	0.0155953	0.00296361	0.0135378	0.00418472	0.00652489	0.0126367	0	0	0	0	0.0376354
96.000	1.93019e+08	1.97586	0.278397	0.0147946	3.61869e-09	2880.79	0.310576	1.44184	6.69368	80752.1	39576.5	3444.9	48	6.20965e-06	5.96742e-05	1.28629e-05	0.00028291	5.0177e-05	0.000106683	0.000699749	0.00177009	0.0221675	0.00143861	0.0262011	0.00123921	0.00701273	0.000627559	0.0351266	0.0404697	0.00583294	0.0082923	0.0144228	0.000573002	0.0153319	0.00278795	0.0133191	0.0577933	0.026451	0.00193959	0.0112732	0.00361331	0.0079204	0.0278884	0.00522715	0.0384712	0.00979897	0.0283475	0.00411644	0.0820069	0.278757	0.225719	0.543162	0.00409445	0.00323739	0.00558242	0.00108714	0	0	0	0	0	0.0435849
97.000	1.93019e+08	1.52747	1.84826	0.0140592	3.61869e-09	2880.79	0.45015	0.898724	6.69368	20846.5	12528.1	1828.11	48	0.000478402	0.0005258	4.67192e-05	0.00125423	0.00188233	0.000220295	6.79523e-05	0.000966576	0.00115731	0.00103622	0.0294682	0.0100723	0.00246232	0.0593038	0.00700806	0.0582458	0.0051778	0.0305639	0.0309483	0.00174275	0.0205943	0.00988573	0.00316988	0.0524005	0.00930599	0.0472294	0.00838653	0.0483868	0.0169746	0.0501804	0.0472732	0.208688	0.0522912	0.616366	0.595153	0.133146	0.701988	0.0476818	0.0762717	0.0220312	0.0150711	0.0377463	0.00536059	0.00182761	0	0	0	0	0.0376354
98.000	1.93019e+08	2.00583	0.72932	0.0135362	3.61869e-09	1580.29	0.310576	1.57041	7.94073	311547	207422	6025.37	48	0.000379782	5.37275e-05	0.000283695	0.00384602	0.00276884	0.00373773	0.000691644	0.00104616	0.0209612	0.00365593	0.000301447	0.00609448	0.00030374	0.00656256	0.00187013	0.00211386	0.000331859	0.00609656	0.00133442	0.0012549	0.00758244	0.00929624	0.00291573	0.00659469	0.00194075	0.0899124	0.0238282	0.0115591	0.0176086	0.581684	0.0845685	0.798834	0.317431	0.218144	0.256985	0.0203529	0.0301722	0.00194493	0.00292911	0.00334991	0.000485369	0.00509774	0.00120008	0	0	0	0	0	0.0478185
99.000	8.96597e+07	2.02557	1.70338	0.0135362	4.92929e-08	723.037	0.26766	1.46225	7.98837	86683.2	68870	4008.1	48	0.000278971	4.55616e-05	0.000375446	0.00038165	0.000126442	0.000776755	0.000153706	0.000411979	0.000571306	0.0146797	0.00661964	0.00809589	0.0213901	0.00450881	0.000545603	0.001147	0.00722242	0.0168686	0.00952376	0.0207528	0.000730626	0.0113108	0.00520647	0.0120104	0.0110519	0.00138575	0.00695399	0.00811543	0.00658162	0.137319	0.0126245	0.00718652	0.133796	0.02231	0.165447	0.318308	0.677979	0.269459	0.150523	0.399496	0.244046	0.0095121	0.0581571	0.00180622	0	0	0	0	0.0492097
101.000	1.07692e+09	1.70702	0.144898	0.0143425	1.0652e-07	1580.29	0.400592	1.4875	5.52343	2706.26	3385.01	1673.34	48	0.0158387	0.290206	0.02022	0.442042	0.181098	0.331349	0.988962	0.107808	0.208941	0.117461	0.404791	0.214869	0.00959733	0.14346	0.0170488	0.480179	0.233789	0.294234	0.214235	0.00877625	0.261746	0.165082	0.0174744	0.0850907	0.11995	0.0116544	0.0980531	0.0336361	0.0355142	0.0132976	0.281024	0.0204058	0.222442	0.0911238	0.113889	0.179672	0.0779622	0.694561	0.734258	0.693063	0.412319	0.436546	0.336747	0.0308411	0.0461404	0.299453	0	0	0.039482
102.000	3.48314e+08	1.53131	0.884438	0.0143425	1.0652e-07	590.498	0.400592	1.64518	6.75654	2786.23	3255.37	998.547	48	0.00287946	0.00115605	0.0188806	0.0375118	0.0357958	0.0146913	0.106428	0.157281	0.0316006	0.00830457	0.0381409	0.0404965	0.0898592	0.00985994	0.0848734	0.349862	0.329334	0.952215	0.0328019	0.0378359	0.0798591	0.173476	0.158762	0.0445982	0.111741	0.0498883	0.140022	0.0303957	0.0931584	0.0506885	0.0260603	0.0298064	0.0107763	0.0175707	0.0104849	0.0818322	0.063953	0.0261796	0.0318596	0.0494088	0.0214215	0.302029	0.548443	0.487722	0.109169	0.144878	0.0908776	0.0801302	0.039482
105.000	3.84388e+09	1.70702	0.00569135	0.00760023	2.38323e-09	5152.87	0.287247	1.46864	7.50889	2722.05	1883.18	624.813	48	0.027756	0.00186291	0.0448283	0.116156	0.228488	0.102477	0.336984	0.0190138	0.00900649	0.0155866	0.0654365	0.0384941	0.0289944	0.0219102	0.295449	0.0863118	0.00887807	0.0353622	0.249416	0.0114078	0.0588276	0.130445	0.0549584	0.0449158	0.0575687	0.103616	0.0180814	0.107572	0.131974	0.0631994	0.011886	0.0242947	0.455305	0.403729	0.696566	0.347619	0.325994	0.0302684	0	0	0	0	0	0	0	0	0	0	0.0498078
