23.000	1.65146e+09	1.51028	0.397407	0.0144401	1.20681e-07	793.546	0.370239	1.66247	7.46496	244.99	245.851	42.8343	48	0.0143656	0.181591	0.118083	0.286176	0.997463	0.0593603	0.114813	0.181714	0.469043	0.5565	0.124349	0.139234	0.0492909	0.151434	0.113558	0.0981072	0.0169053	0.0894967	0.0065024	0.0562962	0.102695	0.0407394	0.0589922	0.00989899	0.0453554	0.00637873	0.00126569	0.00211804	0.00374655	0.0153452	0.0166376	0.0160665	0.00527896	0.0062315	0.00207117	0.0058475	0.00237558	0.00118074	0.00859068	0	0	0	0	0	0	0	0	0	0.0260168
22.000	1.56351e+09	1.50732	0.560171	0.0147802	5.7244e-08	976.837	0.475216	1.8813	7.44778	281.505	117.817	33.1506	48	0.0117139	0.108829	0.0657306	0.458734	0.543651	0.109478	0.0899199	0.385565	0.557514	0.605224	0.101368	0.349462	0.984276	0.261397	0.600609	0.0401402	0.146126	0.119087	0.0915756	0.384721	0.0681473	0.554713	0.506475	0.377934	0.129609	0.148834	0.32914	0.448707	0.0162757	0.334129	0.116711	0.237659	0.00591616	0.114591	0.0524431	0.186054	0.126754	0.00732992	0.182727	0.0334007	0.186196	0.0160959	0.174046	0.14154	0	0	0	0	0.0288851
24.000	1.56351e+09	1.51323	0.281936	0.0141078	2.54416e-07	976.837	0.475216	1.8813	7.44778	104.118	82.374	22.9881	48	0.000194396	0.0328265	0.264398	0.146652	0.994386	0.787883	0.197322	0.164832	0.5991	0.668828	0.704545	0.481666	0.0139673	0.302014	0.581019	0.137774	0.044479	0.144718	0.127926	0.10069	0.432669	0.0806486	0.597188	0.557284	0.388978	0.140039	0.159266	0.325516	0.478679	0.352072	0.00933496	0.106494	0.233025	0.0678617	0.028608	0.0945676	0.11565	0.173438	0.0224089	0.16887	0.0105775	0.146049	0.029004	0.167429	0.0192617	0	0	0	0.0234334
27.000	1.95679e+09	2.19873	0.0170968	0.0146944	2.73838e-07	953.8	0.322067	1.00601	7.48217	111.128	125.653	45.9783	48	0.00102392	0.223824	0.570302	0.472742	0.86479	0.792214	0.229607	0.272632	0.994537	0.0456717	0.249522	0.722853	0.186642	0.742913	0.540463	0.241013	0.104438	0.293108	0.0060128	0.219319	0.301003	0.424179	0.0231733	0.115896	0.316455	0.514751	0.00323908	0.157684	0.041547	0.586736	0.285464	0.05063	0.260159	0.582382	0.244565	0.125684	0.0888669	0.0512527	0.216066	0.199873	0.0434687	0	0	0	0	0	0	0	0.0114157
26.000	1.95679e+09	1.51685	0.0170968	0.0141078	2.73838e-07	2307.49	0.288452	1.67799	7.36809	447.773	157.126	63.6816	48	0.000204854	0.0410972	0.131956	0.109351	0.998648	0.0667041	0.385784	0.14063	0.559269	0.222388	0.209677	0.0482514	0.279189	0.589302	0.642302	0.191442	0.180406	0.04023	0.00174507	0.260637	0.356866	0.244852	0.105984	0.266067	0.306551	0.034174	0.0858353	0.0481221	0.227641	0.00987983	0.0379473	0.0980995	0.130688	0.0616541	0.106087	0.111867	0.0605622	0.00185937	0.0668688	0.0866376	0.0156783	0.0856604	0.131009	0	0	0	0	0	0.0114157
25.000	1.56351e+09	1.50732	0.0449118	0.0141078	2.73838e-07	2307.49	0.322067	1.8813	7.36809	467.716	132.096	58.8305	48	7.42461e-05	0.0217206	0.0920216	0.0504886	0.998727	0.243613	0.204838	0.132914	0.177086	0.28857	0.153027	0.332863	0.136217	0.221893	0.00331543	0.0700648	0.0932846	0.175411	0.0506894	0.0505777	0.238757	0.00299892	0.275021	0.199889	0.0648781	0.094214	0.132829	0.0811887	0.0574705	0.215452	0.247968	0.439863	0.0803344	0.0437227	0.0126808	0.112577	0.0258557	0.0397641	0.0167649	0.0342774	0.0166598	0.128545	0.0622809	0.00587803	0.0603574	0.146904	0	0	0.0114157
28.000	1.95679e+09	2.19873	0.0170968	0.0146944	4.40701e-08	1412.43	0.322067	1.54046	7.36809	2315.16	1042.93	547.052	48	2.41916e-05	0.00865608	0.00373514	0.0135598	0.0147815	0.0190485	0.031238	0.0037851	0.0163668	0.0233929	0.056013	0.0517484	0.284764	0.978493	0.0691694	0.0183429	0.0216373	0.0198465	0.263662	0.0322442	0.00541288	0.27109	0.0233906	0.0220806	0.0779872	0.0565429	0.0073009	0.0375806	0.0264706	0.0296962	0.0640317	0.0554518	0.0260207	0.0207755	0.0552461	0.0445729	0.0162704	0.00167155	0.0363283	0.0270783	0	0	0	0	0	0	0	0	0.015643
29.000	2.35748e+09	2.19873	0.0170968	0.0146944	1.14417e-08	1412.43	0.322067	1.00601	7.71037	6227.61	4300.2	1235.41	48	7.03278e-05	0.00719282	0.883479	0.0548808	0.0311005	0.995294	0.0132379	0.0496094	0.0454898	0.00760798	0.00878477	0.00518349	0.00732147	0.0250972	0.0279812	0.0101459	0.0225386	0.00793096	0.00514958	0.00931155	0.00453399	0.053609	0.0119176	0.00868222	0.00429633	0.00283405	0.0163851	0.00322164	0.00208704	0.00345676	0.0269894	0.0305376	0.0071015	0	0	0	0	0	0	0	0	0	0	0	0	0	0	0	0.0264716
30.000	2.85695e+09	2.24957	0.00484056	0.0117261	1.14417e-08	1412.43	0.126507	0.77955	7.93498	507.848	317.937	76.9947	48	0.000376282	0.055533	0.019716	0.541734	0.120692	0.214555	0.294218	0.00910068	0.0832362	0.0975725	0.355848	0.241917	0.152603	0.116276	0.0871918	0.0138296	0.462234	0.060411	0.113752	0.149516	0.171849	0.333003	0.0815084	0.132888	0.00312893	0.115201	0.0592489	0.650896	0.157168	0.103554	0.00419018	0.088198	0.0420926	0.0375945	0.0154869	0.0293239	0	0	0	0	0	0	0	0	0	0	0	0	0.0364765
32.000	2.85695e+09	2.20757	0.00677148	0.00909156	1.13047e-07	1599.4	0.114821	0.833553	7.71037	5053.92	1022.7	187.109	48	0.0010074	0.0406334	0.022588	0.0840634	0.191173	0.272617	0.15305	0.0535371	0.153992	0.196343	0.123858	0.155174	0.15015	0.0435528	0.344413	0.222563	0.270793	0.0145446	0.223683	0.0341988	0.0452733	0.098472	0.0040041	0.189387	0.243799	0.102596	0.071986	0.139546	0.0759413	0.0620732	0.753524	0.867629	0.0702444	0.0332242	0.0551074	0.00412644	0	0	0	0	0	0	0	0	0	0	0	0	0.0202847
31.000	2.35748e+09	2.19873	0.00677148	0.0117261	4.40701e-08	1599.4	0.183888	0.77955	7.71037	313.94	245.894	70.4987	48	0.000848596	0.109028	0.117266	0.117848	0.27754	0.227145	0.261043	0.23289	0.29244	0.173974	0.227099	0.472689	0.0744316	0.403869	0.0309697	0.504542	0.0561632	0.648223	0.221432	0.0227673	0.345793	0.435142	0.00643838	0.0786457	0.29997	0.252368	0.0341902	0.394045	0.141467	0.0258616	0.483726	0.802146	0.149974	0.164429	0.133525	0	0	0	0	0	0	0	0	0	0	0	0	0	0.0264716
33.000	2.85695e+09	2.20757	0.00677148	0.0117261	1.13047e-07	1599.4	0.148826	0.833553	7.9637	2622.54	409.131	64.4791	48	0.00433313	0.630226	0.655388	0.0983104	0.401939	0.859656	0.765639	0.241501	0.311715	0.349742	0.586969	0.461967	0.433915	0.707352	0.653876	0.094287	0.170954	0.105668	0.10874	0.203056	0.240771	0.410845	0.248759	0.178711	0.141945	0.668187	0.54115	0.025597	0.152472	0.0259756	0.237874	0.0829346	0.249118	0.796067	0.360593	0.113989	0.00650659	0.432192	0.0913256	0.0390064	0.0466123	0	0	0	0	0	0	0	0.0264716
34.000	1.29354e+10	2.20757	0.00677148	0.0146596	7.42134e-07	1285.57	0.148826	0.697754	7.9637	6318.44	2029.03	260.359	48	0.00181692	0.0555621	0.0466436	0.0418384	0.998287	0.0529426	0.0343797	0.222916	0.162114	0.0625666	0.0909551	0.0480202	0.0508634	0.0758805	0.151348	0.0150789	0.0693186	0.00615676	0.0168478	0.21094	0.0664501	0.074557	0.00989341	0.104759	0.139437	0.0329479	0.0440143	0.0570162	0.137999	0.00420587	0.0158019	0.0605966	0.00854836	0.0275785	0.0436989	0.0204563	0	0	0	0	0	0	0	0	0	0	0	0	0.0202847
35.000	1.29354e+10	2.00982	0.0303235	0.0148398	7.42134e-07	1285.57	0.183888	0.833553	4.38333	1817.27	1033.03	421.585	48	0.00172715	0.000895267	0.017068	0.0939808	0.0926934	0.107317	0.0947202	0.0833648	0.11153	0.909821	0.0614677	0.226093	0.0228441	0.12414	0.131491	0.164368	0.184422	0.0565088	0.00797398	0.0377251	0.396111	0.222554	0.0785557	0.0104664	0.0687174	0.00662985	0.0662751	0.0127656	0.0415416	0.112776	0.00193375	0.111883	0.0959478	0.00494175	0.898556	0.0476593	0.0773509	0.0650761	0.00397328	0.052808	0	0	0	0	0	0	0	0	0.0202847
39.000	1.44196e+09	1.50762	0.969393	0.0149774	5.06065e-09	5277.99	0.667618	1.21127	4.79744	1890.6	2058.79	853.076	48	0.0051208	0.0110381	0.0132321	0.0172015	0.906129	0.00746204	0.0773391	0.997302	0.0314895	0.0314893	0.0575266	0.0965749	0.124855	0.0181048	0.0321044	0.0208463	0.0568989	0.0100813	0.00490913	0.0291266	0.00581145	0.119187	0.0230445	0.00473012	0.0813351	0.013652	0.00144015	0.0394033	0.0882001	0.00866408	0.0125093	0.00830047	0.00523628	0.00102911	0.0230197	0.00701242	0.0661986	0.0146855	0.00169552	0.0120016	0	0	0	0	0	0	0	0	0.0200499
36.000	5.71653e+10	1.50927	0.230013	0.014845	1.31141e-07	1285.57	0.450776	0.477711	7.9637	19.495	43.9118	1.60874	48	0.0140026	0.129315	0.999946	0.612997	0.421651	0.612964	0.891059	0.50104	0.344645	0.00612759	0.112146	0.0916721	0.397814	0.00433641	0.18286	0.236896	0.459241	0.145204	0.0108886	0.158269	0.115317	0.00686781	0.0889846	0.00334295	0.0594463	0.0204879	0.145015	0.0471952	0.0132981	0.118519	0.273035	0.00611202	0.115123	0.272923	0.0544547	0.172199	0.374542	0.00458061	0.0768935	0.166872	0.00362962	0	0	0	0	0	0	0	0.00378776
37.000	5.71653e+10	1.50762	0.230013	0.0149774	8.83266e-09	1926.48	0.490396	0.490396	4.79744	66.5935	98.0312	5.06828	48	0.0220849	0.157181	0.0645684	0.629953	0.111194	0.0513536	0.885573	0.938019	0.701895	0.442804	0.0278691	0.0680092	0.294242	0.414197	0.0357461	0.31845	0.0946669	0.970277	0.305125	0.0418754	0.262792	0.0695099	0.261421	0.00735069	0.163623	0.063284	0.0543481	0.216289	0.0902979	0.00285145	0.063318	0.442264	0.0191557	0.13777	0.183667	0.00148521	0.0764776	0.0634579	0.0272899	0	0	0	0	0	0	0	0	0	0.0205604
38.000	4.10824e+09	1.5	0.298818	0.0149774	5.77476e-09	2606.09	0.490396	1.21127	4.79744	165.098	180.004	53.3559	48	0.0343134	0.281651	0.28335	0.237903	0.243047	0.911743	0.883923	0.991597	0.0741817	0.00525122	0.180526	0.31998	0.196156	0.300974	0.00326926	0.0503237	0.061333	0.137229	0.230371	0.0118337	0.272445	0.0136539	0.0382871	0.0525446	0.0680727	0.0465693	0.0828063	0.137485	0.0418893	0.0406965	0.00143539	0.0678345	0.0923689	0.00095009	0.0577849	0.0210967	0.00263559	0.062463	0.0601114	0.0011304	0.047297	0	0	0	0	0	0	0	0.0200499
40.000	2.68713e+09	1.50927	0.969393	0.0149461	5.06065e-09	5277.99	0.667618	1.21127	5.19111	62.3516	90.6743	29.3449	48	0.999882	0.265948	0.289932	0.258249	0.172599	0.281307	0.838923	0.23644	0.938602	0.0456257	0.070259	0.468693	0.0742715	0.0510876	0.699556	0.0480061	0.554287	0.0466335	0.620167	0.0780709	0.301066	0.401469	0.327121	0.377747	0.183296	0.0973053	0.0324602	0.0304375	0.248705	0.495993	0.180995	0.17585	0.116985	0.0639129	0.16349	0.313242	0.0573287	0.107963	0	0	0	0	0	0	0	0	0	0	0.0169212
41.000	1.44196e+09	1.5017	0.969393	0.0148498	5.77476e-09	3457.79	0.604985	1.76186	5.19111	265.833	183.901	88.1471	48	0.0127017	0.99953	0.503292	0.0803604	0.0311413	0.0369277	0.0544065	0.0683876	0.00910327	0.0406617	0.00228655	0.0287282	0.165886	0.00906331	0.180383	0.0196097	0.0310793	0.00159865	0.047708	0.0549111	0.14144	0.0647676	0.0111906	0.0287463	0.0270728	0.0270718	0.00104412	0.0349685	0.0585901	0.00876609	0.0113023	0.00799981	0.0115981	0.00163349	0.0324112	0.0248588	0.0120512	0.0142885	0.00989693	0.00305092	0.0226444	0.00206546	0	0	0	0	0	0	0.0169212
44.000	1.68632e+09	1.5017	1.13851	0.0146351	1.48676e-07	3414.69	0.602745	1.76186	5.39201	390.865	212.72	116.077	48	0.0645346	0.0736092	0.426266	0.890299	0.129323	0.136985	0.198934	0.374231	0.288382	0.235756	0.681219	0.454241	0.679648	0.0805596	0.0658582	0.07161	0.00602381	0.174215	0.061812	0.141947	0.065254	0.00217856	0.596376	0.163312	0.0273135	0.0314136	0.965187	0.0352455	0.0157427	0.083182	0.147204	0.039165	0.0337437	0.437208	0.000923179	0.000940752	0.0544262	0.00255997	0.0228053	0	0	0	0	0	0	0	0	0	0.0169212
42.000	2.22186e+09	1.5017	0.969393	0.0148498	1.48676e-07	3457.79	0.604985	1.76186	5.39201	109.316	79.8443	60.3483	48	0.0483244	0.630886	0.971379	0.999726	0.211253	0.0298402	0.0316002	0.0316001	0.375452	0.115356	0.364663	0.102776	0.545605	0.0942333	0.074852	0.172381	0.0158114	0.51434	0.177317	0.187807	0.0121904	0.236309	0.747274	0.132798	0.057635	0.0136572	0.0543699	0.0333051	0.00407072	0.0512448	0.0884557	0.209759	0.0661955	0.0856643	0.0215176	0.114104	0.107422	0.0523097	0.0107271	0.0439506	0.0553293	0	0	0	0	0	0	0	0.00829096
43.000	1.44196e+09	1.51587	0.969393	0.0148498	1.48676e-07	3414.69	0.604985	1.76186	5.19111	451.052	264.854	85.2081	48	0.0473137	0.999886	0.386713	0.115906	0.0257877	0.105816	0.0433563	0.115316	0.0864748	0.0889614	0.250605	0.0726921	0.210741	0.408552	0.0458369	0.0685464	0.129117	0.187581	0.00768458	0.09943	0.0836591	0.128741	0.0860281	0.228896	0.0608453	0.0910388	0.0882731	0.040581	0.0241537	0.0371819	0.0454256	0.0050958	0.131416	0.0493908	0.0139004	0.0465604	0	0	0	0	0	0	0	0	0	0	0	0	0.00829096
45.000	1.2719e+09	1.5017	0.146571	0.0142545	3.87091e-08	3457.79	0.604985	1.76186	5.39201	845.559	413.64	167.956	48	0.0588027	0.297351	0.999715	0.707587	0.223756	0.20519	0.630237	0.172585	0.217181	0.386209	0.0236654	0.210918	0.29783	0.499966	0.408673	0.193243	0.0513815	0.00157762	0.0967131	0.0861264	0.00280293	0.125095	0.187172	0.0744432	0.25664	0.0765388	0.078772	0.0144047	0.14825	0.00405907	0.0417716	0.00882764	0.00107867	0.0241474	0.023433	0.00221173	0.0190751	0.00537571	0.0552388	0.0506684	0	0	0	0	0	0	0	0	0.00873315
46.000	1.2719e+09	1.50162	1.13851	0.0142545	2.47738e-08	3414.69	0.602745	1.89999	4.93662	73.6453	80.6331	146.581	48	0.0564638	0.172852	0.474479	0.686908	0.770654	0.149256	0.289355	0.747906	0.333677	0.444207	0.430729	0.6812	0.124649	0.990115	0.429627	0.0180748	0.270413	0.391944	0.0113326	0.174485	0.109688	0.13417	0.231009	0.0502192	0.149912	0.00472221	0.0941942	0.25672	0.0114626	0.0441553	0.26292	0.0492419	0.0317874	0.0103029	0.0364845	0.0692232	0.0184166	0.0770451	0.00374023	0	0	0	0	0	0	0	0	0	0.0193195
47.000	1.2719e+09	1.51587	1.93061	0.013913	2.03029e-08	2624.83	0.4547	1.89999	4.07847	404.68	116.417	140.495	48	0.0244223	0.561525	0.315195	0.994199	0.0373655	0.96588	0.0351596	0.00935486	0.151979	0.0286271	0.00179794	0.319671	0.0870559	0.0106477	0.0167741	0.048306	0.322795	0.0123955	0.0269311	0.0947767	0.00609691	0.0543284	0.0827871	0.00311139	0.0465498	0.024433	0.00588952	0.0248221	0.0124732	0.0202696	0.00175455	0.00748745	0.0199179	0.0042635	0.0130697	0.0556071	0.0101594	0	0	0	0	0	0	0	0	0	0	0	0.0297564
48.000	9.7268e+08	1.53339	1.13851	0.0131552	2.03029e-08	2624.83	0.359684	2.1638	4.07847	372.515	205.593	295.741	48	0.024451	0.997633	0.342912	0.0809776	0.330016	0.0170172	0.0600052	0.138252	0.125828	0.612715	0.0786697	0.0477291	0.0520311	0.162621	0.064737	0.080445	0.153719	0.0123864	0.0232958	0.0938215	0.102271	0.0993665	0.0231248	0.112595	0.00983015	0.0116719	0.01481	0.00180685	0.0222512	0.0033661	0.025772	0.0124058	0	0	0	0	0	0	0	0	0	0	0	0	0	0	0	0	0.0380015
49.000	9.12047e+08	1.53339	0.693653	0.0131552	1.06388e-08	2149.46	0.4547	2.27621	4.07847	1177.83	309.571	214.831	48	0.0506413	0.997369	0.812684	0.107872	0.191824	0.0465368	0.75354	0.593344	0.343173	0.0127781	0.0853854	0.0598798	0.291282	0.820046	0.00562884	0.234774	0.0308909	0.0122571	0.208797	0.0375414	0.23228	0.0368092	0.0509006	0.0509006	0.00264653	0.0483351	0.0685514	0.0273049	0.00611177	0.00916827	0.0485459	0.00236755	0.0314203	0.00569954	0.0195742	0.0096988	0	0	0	0	0	0	0	0	0	0	0	0	0.0400535
50.000	9.7268e+08	1.50281	0.693653	0.0134819	1.06388e-08	2149.46	0.4547	2.27621	4.66037	1318.98	423.28	277.96	48	0.0544307	0.997369	0.204136	0.093839	0.209131	0.0642559	0.414898	0.369657	0.15588	0.388686	0.224952	0.182304	0.0457909	0.0286003	0.0165521	0.308188	0.0832875	0.00287048	0.0797453	0.00502619	0.0959808	0.0120827	0.00127707	0.0515042	0.0898198	0.00799896	0.0287182	0.00572941	0.0107614	0.101541	0.0148435	0.00765562	0.0144949	0.0144374	0	0	0	0	0	0	0	0	0	0	0	0	0	0	0.0400535
51.000	9.7268e+08	1.53339	0.147815	0.0134819	1.29614e-07	2149.46	0.540977	2.27621	4.66037	369.351	197.9	225.573	48	0.148351	0.0962328	0.99762	0.076769	0.39598	0.417736	0.764465	0.0962359	0.214288	0.0828876	0.252996	0.0733842	0.00375896	0.133256	0.0455167	0.0636434	0.347667	0.0979657	0.0408387	0.102572	0.0123826	0.0439181	0.0686193	0.0914843	0.26502	0.0319355	0.0181814	0.0884554	0.0259869	0.00797616	0.0365776	0.15421	0.00742855	0.00664525	0	0	0	0	0	0	0	0	0	0	0	0	0	0	0.0380015
52.000	9.7268e+08	1.50281	0.147815	0.0134819	1.29614e-07	1715.51	0.676439	2.27621	4.66037	313.576	212.983	181.655	48	0.175152	0.114623	0.998991	0.666828	0.594283	0.353412	0.363704	0.0887655	0.0789338	0.0470176	0.0351586	0.144055	0.27843	0.104616	0.1317	0.0380551	0.11642	0.0800761	0.00259456	0.0326458	0.0420915	0.0458611	0.0545045	0.0304649	0.0787529	0.021424	0.0697233	0.0260204	0.0318246	0.0501075	0.00386446	0.141027	0.0193519	0.0221602	0.00667949	0	0	0	0	0	0	0	0	0	0	0	0	0	0.0247186
53.000	9.12047e+08	1.50281	0.588134	0.0134819	2.06847e-08	2528.52	0.676439	1.98154	4.66385	219.377	182.255	146.951	48	0.999859	0.771356	0.0707056	0.0561631	0.250622	0.0385938	0.297508	0.118431	0.280843	0.0305692	0.096668	0.430997	0.0430066	0.00743032	0.0467725	0.0416845	0.0403901	0.0381302	0.07387	0.0338799	0.0600399	0.0378824	0.0617641	0.0411459	0.0115962	0.0105945	0.0118359	0.0940012	0.00176238	0.0117446	0.00805928	0.00829437	0.00972216	0.00647229	0.00121838	0	0	0	0	0	0	0	0	0	0	0	0	0	0.018516
54.000	1.01015e+09	1.50281	0.588134	0.0135152	2.06847e-08	2763.38	0.594222	1.98154	4.66385	162.26	86.9277	113.686	48	0.707846	0.578442	0.999437	0.459265	0.158288	0.500551	0.445675	0.576825	0.705446	0.0886802	0.39608	0.703028	0.0885045	0.0124749	0.096279	0.0660653	0.555856	0.0185676	0.0201777	0.00179805	0.00951774	0.0777884	0.0163873	0.00845277	0.0771819	0.0118813	0.0432208	0.00862203	0.00198582	0.00990874	0.00829328	0.0368338	0.00773974	0.0133722	0.0164912	0.0101093	0	0	0	0	0	0	0	0	0	0	0	0	0.018516
55.000	6.01307e+08	1.5282	0.588134	0.0139547	5.77879e-09	2839.95	0.540977	1.98154	3.94898	316.122	315.147	360.41	48	0.0891124	0.999437	0.36471	0.0315513	0.193427	0.315109	0.182088	0.182087	0.373327	0.0352395	0.0591603	0.256727	0.558429	0.00406018	0.0234977	0.107759	0.0393504	0.139233	0.0062007	0.0380104	0.0195393	0.06736	0.00275037	0.112659	0.0223853	0.00940754	0.0813758	0.0171986	0.0104928	0.00440255	0.00318832	0.00398971	0.00432212	0.0082599	0	0	0	0	0	0	0	0	0	0	0	0	0	0	0.018516
56.000	1.01015e+09	1.5	0.588134	0.0135152	5.77879e-09	2839.95	0.594222	1.6408	4.61443	1697.77	996.039	249.962	48	0.069308	0.0316046	0.0242663	0.287287	0.0643448	0.222077	0.21087	0.289042	0.125251	0.994891	0.66486	0.418762	0.723539	0.0304456	0.139965	0.0906662	0.0382329	0.00233745	0.0570478	0.0466368	0.0638105	0.049247	0.0034757	0.058328	0.0489225	0.0291246	0.0291232	0.0344685	0.0684698	0.0295722	0.0113778	0.00814007	0	0	0	0	0	0	0	0	0	0	0	0	0	0	0	0	0.018516
57.000	5.20015e+08	1.5282	0.234405	0.0135152	5.77879e-09	2839.95	0.433373	1.94483	4.61443	497.946	691.546	195.107	48	0.0501107	0.999377	0.289884	0.84086	0.840189	0.182757	0.94268	0.445546	0.364243	0.00513791	0.0544194	0.22258	0.86096	0.430606	0.342039	0.0140134	0.0661478	0.278943	0.00304056	0.147673	0.124249	0.0439453	0.32954	0.0116922	0.0735158	0.00246202	0.0259846	0.00238277	0.0501558	0.688302	0.00129643	0.0372949	0.0108175	0.00157076	0.0295832	0.00359896	0.0196575	0.0144596	0.0337631	0.0337606	0	0	0	0	0	0	0	0	0.0196538
58.000	1.01015e+09	1.91786	0.0221847	0.0135152	8.07548e-09	3814.65	0.416493	2.75647	4.61443	257.803	102.974	146.285	48	0.707833	0.354588	0.999363	0.217209	0.057793	0.0059416	0.0281119	0.187884	0.353397	0.0420009	0.296814	0.111319	0.372879	0.322847	0.0382822	0.00263287	0.0120732	0.0571172	0.0452265	0.0233284	0.052042	0.100889	0.0567011	0.0691283	0.0616086	0.0025157	0.0141463	0.0325666	0.0613433	0.00499151	0.0279838	0.00181444	0.016633	0.0110534	0.00713478	0.0102309	0.00105271	0	0	0	0	0	0	0	0	0	0	0	0.0196538
59.000	1.19453e+09	1.95006	0.0221847	0.0107403	3.05926e-08	3814.65	0.324175	1.94483	4.61443	992.293	476.359	559.49	48	0.432479	0.910969	0.999973	0.917209	0.817462	0.122312	0.172754	0.145335	0.0649188	0.158416	0.188277	0.0515475	0.236978	0.0612493	0.00459304	0.141124	0.108887	0.013319	0.00915875	0.0334451	0.00236773	0.0250802	0.0364481	0.00998098	0.00223367	0.0577426	0.0229772	0.00158051	0.00229772	0.00769341	0.0408392	0.0105578	0.0111774	0.0343224	0.00939282	0.016229	0.0111379	0	0	0	0	0	0	0	0	0	0	0	0.00670149
60.000	2.71424e+09	2.05308	0.0221847	0.00929223	8.66448e-08	2611.8	0.324175	1.94483	7.60693	361.992	211.765	897.441	48	0.999982	0.0502849	0.0503912	0.0137721	0.0999832	0.0364814	0.00627342	0.00409544	0.0205257	0.086556	0.00159666	0.0617485	0.00687237	0.188192	0.00164279	0.0548135	0.00446307	0.0397496	0.0172516	0.00182678	0.0458851	0.0177416	0.00686255	0.00149211	0.021076	0.0040847	0.0111847	0.00968439	0.00610709	0.00396425	0.020444	0.00128908	0.0105383	0.00314393	0.00482456	0	0	0	0	0	0	0	0	0	0	0	0	0	0.00670149
61.000	7.14846e+09	2.11274	0.0221847	0.00540495	8.66448e-08	2611.8	0.210141	2.10259	7.60693	1981.2	719.934	340.232	48	0.00222966	0.0154712	0.99989	0.86559	0.0865584	0.999561	0.0771028	0.172612	0.153721	0.0182698	0.105633	0.297713	0.0121832	0.0432277	0.0767588	0.121653	0.0418677	0.00209458	0.0228309	0.0208959	0.00234439	0.0160872	0.0160868	0.00285312	0.00452177	0.00694139	0.012704	0.00436515	0.0163439	0.00211758	0.0118617	0	0	0	0	0	0	0	0	0	0	0	0	0	0	0	0	0	0.00670149
62.000	7.14846e+09	2.11274	0.0429313	0.00540495	1.18551e-07	2611.8	0.210141	2.10259	7.60693	5435.37	915.152	409.878	48	0.179342	0.999926	0.515739	0.473073	0.199493	0.728402	0.4215	0.182897	0.0943193	0.129449	0.0816536	0.00916164	0.00409124	0.00145159	0.0243686	0.0141036	0.000864378	0.0433181	0.0386072	0.00145054	0.0306538	0.0027313	0.00577199	0.00343782	0.00172297	0.00353691	0.00111836	0.0108657	0.00210535	0.0149042	0.012902	0.00471028	0.0157671	0.00153194	0	0	0	0	0	0	0	0	0	0	0	0	0	0	0.00670149
63.000	1.19453e+09	2.11274	0.0429313	0.00540495	1.38728e-07	1847.82	0.320197	1.87245	4.42492	1394.86	681.918	925.591	48	0.00195507	0.11224	0.980228	0.20201	0.077587	0.252483	0.113932	0.104488	0.135025	0.0828373	0.00408983	0.0343897	0.0315198	0.0495318	0.0493697	0.0768185	0.0498671	0.00699489	0.00107472	0.00821461	0.00598252	0.00104101	0.00743117	0.0255989	0.00107661	0.00218978	0.00421052	0.00175827	0.00647946	0.00249576	0.00139446	0.000348712	0.000734081	0.000934488	0.000357043	0.00104024	0.000160074	0.000606922	0	0	0	0	0	0	0	0	0	0	0.0385335
64.000	4.51313e+09	2.11274	0.254303	0.00540495	2.07737e-07	1847.82	0.259312	1.83649	4.42492	947.25	387.367	445.78	48	0.99939	0.0545061	0.0839348	0.912236	0.703974	0.197574	0.482197	0.341286	0.13138	0.123965	0.0738397	0.10358	0.0950094	0.0770301	0.00748305	0.0555829	0.0762839	0.0208887	0.0106538	0.00744671	0.0362571	0.0011338	0.00978273	0.0197761	0.00184331	0.00688879	0.00637039	0.0618946	0.00740177	0.0052607	0	0	0	0	0	0	0	0	0	0	0	0	0	0	0	0	0	0	0.0385335
65.000	4.51313e+09	1.5	1.08575	0.00540495	2.07737e-07	1847.82	0.320197	1.83649	4.42492	999.395	171.085	125.444	48	0.99993	0.021746	0.125857	0.172677	0.199401	0.0409475	0.102807	0.162935	0.0188154	0.0118654	0.0397408	0.0243633	0.00888991	0.111916	0.00888222	0.00666064	0.0432496	0.0167295	0.0132756	0.00363534	0.0419764	0.0242944	0.00812781	0.00235745	0.0074512	0.00456621	0.00663505	0.00271844	0.00228359	0.00907425	0.002343	0.00214758	0.00220525	0.00240406	0.00319785	0.00401515	0	0	0	0	0	0	0	0	0	0	0	0	0.0130109
66.000	9.64875e+08	1.5	1.08575	0.00532597	3.78462e-07	1453.15	0.320197	1.83649	7.04022	811.994	310.822	193.354	48	0.999814	0.42141	0.459409	0.667869	0.840768	0.122229	0.515425	0.0486147	0.00354206	0.0726428	0.0529287	0.074636	0.108504	0.0813661	0.043105	0.0086004	0.0181308	0.0017115	0.0278369	0.0135138	0.00369925	0.00437904	0.0154971	0.00309032	0.00150422	0.00448711	0.0141201	0.00171789	0.00592073	0.0139534	0.0056781	0.00547608	0	0	0	0	0	0	0	0	0	0	0	0	0	0	0	0	0.0212814
68.000	1.40858e+09	1.83846	0.0703464	0.00549012	4.40331e-08	1453.15	0.259312	1.99724	7.58584	815.163	366.956	507.643	48	0.00373125	0.0668479	0.0715938	0.997194	0.572278	0.231169	0.00387959	0.0115777	0.0233156	0.0369508	0.0415563	0.00277701	0.00402015	0.00207387	0.138561	0.0118572	0.0367868	0.00318426	0.0100752	0.0074793	0.0017732	0.00308826	0.00247827	0.00211366	0.00234081	0.0022394	0.00212567	0.00469912	0.00166499	0.00157732	0.00160753	0	0	0	0	0	0	0	0	0	0	0	0	0	0	0	0	0	0.0212814
69.000	8.62007e+08	1.97497	0.0451054	0.00532597	4.40331e-08	1453.15	0.533635	1.99724	7.04022	2554.72	1137.79	485.84	48	0.00730443	0.00547029	0.0976277	0.995754	0.171922	0.827184	0.169852	0.085737	0.573014	0.0214981	0.312384	0.214561	0.0652308	0.00324215	0.0105331	0.00176056	0.0850546	0.0284903	0.00599478	0.0218341	0.0254963	0.00957388	0.0124629	0.00519164	0.00249603	0.00619685	0.00209819	0.00150234	0.00204182	0.000214355	0	0	0	0	0	0	0	0	0	0	0	0	0	0	0	0	0	0	0.0250185
70.000	8.62007e+08	2.0061	0.0221226	0.00501345	1.98249e-07	1453.15	0.225705	1.99724	6.84837	2028.42	510.308	417.99	48	0.0142938	0.00633358	0.995596	0.0813545	0.966875	0.801963	0.567524	0.477475	0.00680424	0.0254526	0.329715	0.0800979	0.00450163	0.00357464	0.0284993	0.0169642	0.0953235	0.0155051	0.327422	0.130113	0.0111502	0.0148553	0.241034	0.0263194	0.0191343	0.349523	0.0941355	0.0373152	0.0644572	0.00443029	0.0133063	0.00323596	0.00952314	0.0036124	0.00286706	0.0131789	0.00099515	0.00294503	0.00268609	0.00269513	0	0	0	0	0	0	0	0	0.0250185
67.000	8.62007e+08	1.83846	0.0703464	0.00532597	2.07737e-07	1453.15	0.259312	1.99724	7.58584	1615.6	522.155	364.122	48	0.999814	0.0265918	0.112118	0.177695	0.182872	0.0409041	0.0514952	0.0409041	0.0136834	0.0685787	0.00484785	0.0457604	0.0297127	0.093959	0.0297063	0.00187101	0.0121481	0.0591571	0.00788711	0.0027979	0.0541248	0.0208739	0.00312322	0.0404666	0.0186032	0.0234111	0.00493759	0.0010736	0.00349219	0.0031061	0.00824819	0.00377475	0.0013714	0.00458006	0.0043123	0	0	0	0	0	0	0	0	0	0	0	0	0	0.0212814
71.000	8.62007e+08	2.0061	0.0221226	0.00549012	7.56671e-08	1447.64	0.465755	1.72869	4.19937	1516.28	985.63	1030.95	48	0.00106275	0.991449	0.0373637	0.000939867	0.0637165	0.018439	0.0897887	0.0150464	0.0224544	0.0211657	0.00204911	0.0163359	0.00118933	0.00274219	0.0237306	0.00743373	0.00275045	0.0212187	0.00869638	0.0073292	0.00168871	0.000708115	0.00125446	0.00704781	0.000468358	0.000251689	5.67517e-05	2.74492e-05	0	0	0	0	0	0	0	0	0	0	0	0	0	0	0	0	0	0	0	0	0.0314789
72.000	2.07041e+08	2.0061	0.0221226	0.00605673	7.56671e-08	2905.7	0.533635	1.38329	3.66974	654.197	771.88	699.542	48	0.00266061	0.000569857	0.99389	0.234582	0.071086	0.0122823	0.0287109	0.00495755	0.0450849	0.224639	0.0919654	0.0547185	0.387352	0.0621426	0.069705	0.00523979	0.0695179	0.0226254	0.00129183	0.00680259	0.0311514	0.0217383	0.00397668	0.00136483	0.001211	0.00127951	0	0	0	0	0	0	0	0	0	0	0	0	0	0	0	0	0	0	0	0	0	0	0.0250185
73.000	1.66943e+08	1.97497	0.0451054	0.00605673	1.98249e-07	1447.64	0.533635	1.39921	2.59175	1565.14	2877.05	1946.51	48	0.0838102	0.104514	0.21141	0.999664	0.443782	0.530688	0.0118454	0.00548101	0.0974027	0.139249	0.0273328	0.00999503	0.0259754	0.0289527	0.0133101	0.0420554	0.0577173	0.0343771	0.0471803	0.0353793	0.0083886	0.0593846	0.00559565	0.0333139	0.0192808	0.0430286	0.0406201	0.00539567	0.0082728	0.00780696	0.00375002	0	0	0	0	0	0	0	0	0	0	0	0	0	0	0	0	0	0.0250185
74.000	1.6137e+08	1.84409	0.0116991	0.00903854	7.56671e-08	4939.59	0.536779	1.39921	2.59175	12782.2	6084.96	5401.03	48	0.000438046	0.00404984	0.0388533	0.129659	0.75454	0.411708	0.993785	0.483472	0.117665	0.0287114	0.125037	0.0383657	0.134861	0.0290862	0.00166542	0.00182531	0.000816426	0.0176301	0.0313479	0.00206661	0.014062	0.0222823	0.0101005	0.00308132	0.00172295	0.0011657	0.000528904	0.000321361	0	0	0	0	0	0	0	0	0	0	0	0	0	0	0	0	0	0	0	0	0.0243383
75.000	1.6137e+08	1.84409	0.014665	0.0102156	3.98743e-08	2876.48	0.536779	1.39921	3.26206	23398.1	7798.04	5747.08	48	0.000401816	0.0008913	0.000786858	0.00159766	0.0258731	0.0236905	0.0375766	0.593026	0.99614	0.444956	0.108595	0.204454	0.0222401	0.00661717	0.012723	0.00499156	0.00627664	0.00608919	0.0216108	0.0043112	0.00639411	0.00362974	0	0	0	0	0	0	0	0	0	0	0	0	0	0	0	0	0	0	0	0	0	0	0	0	0	0	0.0172098
76.000	1.6137e+08	1.84409	0.014665	0.0102156	3.98743e-08	2876.48	0.59356	1.45421	3.26206	21028.1	6389.29	3148.56	48	0.000314429	0.000250391	0.00269656	0.0350116	0.0567363	0.10651	0.836856	0.245835	0.99528	0.0279613	0.141269	0.12462	0.0117514	0.00139402	0.00718242	0.00185666	0.000983461	0.00284819	0.00875077	0.00174457	0.0113164	0.0122022	0.00331933	0.0139926	0.00331409	0.0014996	0	0	0	0	0	0	0	0	0	0	0	0	0	0	0	0	0	0	0	0	0	0	0.0172098
77.000	7.99538e+07	1.7066	0.0440285	0.0147337	3.97262e-08	1868.07	0.596111	1.98884	3.46375	2128.84	4553.8	7705.19	48	0.116521	0.105909	0.999909	0.105573	0.917189	0.00643798	0.00459346	0	0	0	0	0	0	0	0	0	0	0	0	0	0	0	0	0	0	0	0	0	0	0	0	0	0	0	0	0	0	0	0	0	0	0	0	0	0	0	0	0	0.0140563
78.000	7.99538e+07	1.54205	0.014665	0.0147337	3.97262e-08	1868.07	0.596111	1.98884	3.86033	956.466	867.972	1377.83	48	0.000455664	0.00285911	0.000264744	0.00166541	0.0080312	0.0838579	0.170287	0.387327	0.9963	0.243151	0.0361091	0.0372191	0.0016259	0.017688	0.0144583	0.0192445	0.0105872	0.0019924	0.00187856	0.0182276	0.0121799	0.0124342	0.00594831	0.00243842	0.00364774	0.00192154	0.00196954	0.00142911	0	0	0	0	0	0	0	0	0	0	0	0	0	0	0	0	0	0	0	0	0.0140563
79.000	7.99538e+07	1.54205	0.029354	0.0147337	3.97262e-08	1868.07	0.314314	1.45421	3.86033	1778.24	677.498	577.467	48	0.00107922	0.00163371	0.000295906	0.00585141	0.236331	0.193142	0.23607	0.995497	0.0149154	0.0020853	0.0163141	0.00939437	0.00512188	0.034787	0.122575	0.00140221	0.00192049	0.0796469	0.0751341	0.0040137	0.00571226	0.0403247	0.0121118	0.0272014	0.00128598	0.023505	0.112771	0.0165286	0.0233376	0.0151515	0.00717078	0.0174826	0.0113503	0.0391064	0.0850568	0.0148838	0.0021598	0.00543363	0.00979851	0.00634542	0	0	0	0	0	0	0	0	0.0140563
80.000	7.99538e+07	1.54205	0.029354	0.0131884	3.22163e-08	1189.74	0.568937	1.21593	4.37449	3855.02	1015.54	775.359	48	0.00628489	0.0115805	0.0254962	0.0347178	0.556074	0.997271	0.57717	0.611158	0.353692	0.272959	0.19887	0.280861	0.00769073	0.00996464	0.00288091	0.0721758	0.00468539	0.00304261	0.0152482	0.032194	0.147994	0.0248436	0.0393595	0.0143723	0.000901064	0.00565418	0.00267427	0.00820922	0.00117037	0.0030239	0.0285412	0.00415667	0.00301861	0.00229434	0	0	0	0	0	0	0	0	0	0	0	0	0	0	0.0279293
81.000	7.99538e+07	1.52417	0.029354	0.0149698	3.22163e-08	1868.07	0.353336	1.21593	4.37449	3101.73	2280	1630.45	48	0.000915101	0.0286411	0.383661	0.630082	0.295981	0.993629	0.181687	0.108208	0.078809	0.114553	0.00139242	0.00957756	0.0153564	0.00400949	0.00226046	0.0187341	0.0498328	0.0484246	0.135771	0.0051192	0.00158411	0.011529	0.00510301	0.0013484	0.0012356	0.00151046	0.00756132	0.00266224	0.00177967	0	0	0	0	0	0	0	0	0	0	0	0	0	0	0	0	0	0	0	0.0152564
82.000	9.00493e+08	1.52417	0.029354	0.0146756	1.12338e-07	993.687	0.353336	1.16601	5.14851	6270.81	2636.56	1280.79	48	0.000832609	0.00211743	0.0231375	0.048015	0.0554397	0.55864	0.0497664	0.997762	0.561011	0.0273028	0.00458338	0.00419809	0.01532	0.0743545	0.0607793	0.0108074	0.136043	0.00235027	0.0279314	0.0263688	0.0101989	0.00607451	0.0417805	0.00425239	0.0179313	0.00347582	0.00702117	0.000864599	0	0	0	0	0	0	0	0	0	0	0	0	0	0	0	0	0	0	0	0	0.0257055
83.000	1.31665e+09	1.52417	0.0322036	0.0146756	1.12338e-07	1649.92	0.507933	0.980205	5.14851	1977.59	2111.63	624.006	48	0.000238791	0.00641099	0.00783575	0.037624	0.0681152	0.13104	0.126374	0.516156	0.997098	0.792017	0.0647458	0.61121	0.280973	0.0747584	0.00222712	0.00574824	0.00395328	0.0262974	0.0762776	0.00370916	0.0103203	0.00345649	0.0054779	0.00669905	0.00502118	0.00338131	0.00252866	0.00195505	0	0	0	0	0	0	0	0	0	0	0	0	0	0	0	0	0	0	0	0	0.0247136
84.000	1.31665e+09	1.55002	0.0388596	0.0146756	1.12338e-07	1649.92	0.509588	0.753985	4.37449	3674.86	4722.13	1525.94	48	0.000574059	0.000531513	0.00199618	0.00926538	0.233521	0.19714	0.976006	0.218486	0.388485	0.0945751	0.0688813	0.0447156	0.0266138	0.0223835	0.0205265	0.12208	0.025795	0.125476	0.0496961	0.00228036	0.00553773	0.00823816	0.122655	0.0028235	0.0728215	0.0817114	0.00199872	0.0137155	0.00323794	0.00322006	0	0	0	0	0	0	0	0	0	0	0	0	0	0	0	0	0	0	0.0247136
85.000	9.00493e+08	1.52994	0.0388596	0.0146756	1.12338e-07	2912.17	0.507933	0.753985	4.15029	1270.42	1930.85	604.44	48	0.00094917	0.00117458	0.00116861	0.00688163	0.000754792	0.00794423	0.0307255	0.167928	0.345093	0.97661	0.919841	0.868249	0.205133	0.969862	0.0472189	0.0217055	0.176908	0.296804	0.249567	0.15276	0.0152685	0.00931492	0.00399901	0.00218449	0.0460078	0.00306706	0.0152722	0.00511395	0.00255772	0.0463477	0.00649815	0.0171437	0.0174377	0.00267276	0.00348656	0.00268842	0	0	0	0	0	0	0	0	0	0	0	0	0.0247136
86.000	7.01335e+08	1.55002	0.0322036	0.00685109	1.12338e-07	1649.92	0.509588	0.753985	5.14851	7229.79	10610.9	3048.46	48	0.000131765	0.000552793	0.00228189	0.00561294	0.138315	0.135279	0.192659	0.141347	0.0926774	0.0884832	0.0802274	0.947979	0.423367	0.0708733	0.0631451	0.649569	0.486668	0.334397	0.111312	0.0135841	0.0169242	0.0123256	0.0106696	0.034336	0.0242653	0.00316228	0.0117715	0.00335167	0	0	0	0	0	0	0	0	0	0	0	0	0	0	0	0	0	0	0	0	0.0257055
87.000	7.01335e+08	1.56578	0.0322036	0.00685109	2.40335e-07	1985.42	0.507933	1.20231	4.15029	5052.45	4273.14	18179.2	48	0.000285897	2.27096e-05	0.000506496	0.0157203	0.0111134	0.00833053	0.0164995	0.0187298	0.273406	0.175982	0.398791	0.290106	0.986646	0.208374	0.00349672	0.0370379	0.104364	0.00225685	0.0114217	0.0194049	0.0102486	0.0100126	0.00262226	0.002166	0.000667661	0.000110788	0.000459265	0.000711374	0.00219216	0.00119813	0.00147483	0.00136153	0.00857836	0.000414405	0.000927284	0	0	0	0	0	0	0	0	0	0	0	0	0	0.0247136
88.000	6.59299e+08	1.56847	0.0329976	0.00789694	5.49396e-08	1985.42	0.47988	1.32738	4.15029	2845.35	4035.77	4857.82	48	0.00118207	9.14699e-05	0.00104816	5.56689e-05	0.00239281	0.000191099	0.0193933	0.0202486	0.0123151	0.0129535	0.0423881	0.981567	0.123566	0.953402	0.0213393	0.055167	0.123504	0.00825414	0.123378	0.0318851	0.103717	0.075541	0.0755201	0.00146181	0.00299271	0.0145522	0.0205478	0.0186631	0.0173423	0.00238595	0.00292171	0.0086803	0.00650363	0.000794848	0	0	0	0	0	0	0	0	0	0	0	0	0	0	0.0270523
89.000	7.01335e+08	1.64357	0.0240928	0.00683088	5.49396e-08	1985.42	0.446293	1.32738	4.85419	6928.83	35766.7	9885.95	48	2.67591e-05	4.51091e-05	0.000877163	8.29857e-05	0.00111135	0.000922386	0.000976801	0.0521813	0.00322824	0.0516969	0.0403481	0.00587292	0.00295084	0.0175541	0.00677651	0.0475268	0.0437736	0.0575712	0.567858	0.541342	0.144807	0.309328	0.902011	0.00225751	0.0082357	0.040095	0.00712654	0.0130034	0.0212058	0.0298877	0.00280196	0.0622436	0.00339484	0.0113003	0.00123154	0.0034818	0.0284361	0.0069617	0.0451444	0.00127515	0.0080395	0.000163504	0	0	0	0	0	0	0.0270523
90.000	9.83156e+08	1.64357	0.0329976	0.00525226	4.69683e-08	1985.42	0.47988	1.32738	5.48656	21006.7	12749.2	5254.93	48	9.01788e-05	0.00053575	7.50676e-05	0.000852589	0.00126068	0.00150216	0.00148363	0.00795785	0.0589296	0.00704523	0.0527018	0.0394493	0.00345844	0.0389102	0.00542273	0.0111824	0.00214447	0.018159	0.00944564	0.0142606	0.255912	0.909757	0.857126	0.215054	0.762882	0.761711	0.13521	0.0979686	0.0122876	0.0632908	0.025881	0.0544377	0.0407648	0.0107974	0.00341311	0.00335743	0.0119271	0.00789065	0.00206556	0	0	0	0	0	0	0	0	0	0.0270523
91.000	1.07589e+09	2.02583	0.0329976	0.00750119	4.69683e-08	1985.42	0.47988	1.25459	7.61372	52816.6	17482.3	6550.48	48	0.000208166	0.000137234	6.44309e-05	0.000589019	7.59298e-05	2.95031e-05	0.000535534	0.00119354	0.00200539	0.000103999	0.00577345	0.00898326	0.00485702	0.0139573	0.0112471	0.0167236	0.0372613	0.0162122	0.0103074	0.0100323	0.0053254	0.00303145	0.00872405	0.0540284	0.0176523	0.00417677	0.0645918	0.986989	0.121951	0.718884	0.493702	0.0805833	0.0298177	0.0192342	0.0124319	0.0103987	0.00718295	0.00383226	0.00311856	0.0133808	0.027476	0.0819825	0.0317061	0	0	0	0	0	0.0174322
92.000	9.83156e+08	2.08527	0.0329976	0.00750119	4.5276e-08	1254.85	0.47988	0.973964	7.61372	269059	92673.4	16094.1	48	7.44637e-06	2.59062e-05	1.552e-05	5.66585e-05	9.45733e-06	0.000176343	0.000276416	0.000225069	7.19201e-05	0.000393375	0.002088	0.00141041	0.00535551	0.00436838	0.000932672	0.00218637	0.0046893	0.000663592	0.00152317	0.00389233	0.0314291	0.0159144	0.965602	0.860277	0.34244	0.0518851	0.0149538	0.019333	0.0170336	0.00874824	0.0158756	0.00377899	0.00068648	0.00183168	0.000395041	0.000805243	0.00134259	0.00792773	0.00352888	0	0	0	0	0	0	0	0	0	0.0270523
93.000	9.83156e+08	2.08527	0.0210814	0.00750119	2.28394e-08	2127.22	0.456075	0.973964	7.61372	201140	29501.6	4468.02	48	2.33239e-05	3.0853e-05	0.000146866	9.04176e-05	6.62791e-05	0.000170152	0.000543042	0.000853243	0.000570254	0.000391856	0.00583458	0.000794709	0.00448703	0.00284513	0.0146746	0.000888907	0.0265643	0.00559321	0.00770376	0.000409411	0.00433127	0.00114757	0.0147612	0.00268987	0.0151993	0.0212131	0.234581	0.0886528	0.992144	0.121345	0.64409	0.0228409	0.0341738	0.00313305	0.0117728	0.00295636	0.00556771	0.00246718	0.0180731	0.00476092	0.0140869	0.01292	0	0	0	0	0	0	0.0122497
94.000	2.09746e+08	1.97586	0.0375626	0.00750119	1.41979e-08	1254.85	0.456075	0.891287	7.94073	141440	137412	2282.88	48	8.09109e-06	1.58106e-05	0.000143217	0.000207782	7.49888e-05	0.000175804	0.000294578	0.000118044	0.0105014	0.00333618	0.00100377	0.00427555	0.00740812	0.00127908	0.0285054	0.00296917	0.000322892	0.0100756	0.0204673	0.000463296	0.0022657	0.0466207	0.00135016	0.00866299	0.0131551	0.0916028	0.0272383	0.0715661	0.0101082	0.00328919	0.012639	0.112622	0.889894	0.48344	0.00554999	0.107476	0.0100824	0.0172539	0.00755532	0.0160146	0.0107239	0.0116787	0.0892171	0.00302897	0	0	0	0	0.0435849
95.000	1.93019e+08	1.97586	0.0375626	0.0140592	1.41979e-08	1254.85	0.45015	0.891287	6.69368	88076.3	60170.7	3087.1	48	8.08204e-05	0.000296493	0.000185558	7.12993e-05	2.23332e-05	0.000325706	0.000208396	0.000558768	0.000489468	0.000143892	0.000171813	0.000573777	0.0115992	0.0698295	0.0443502	0.0228718	0.0116509	0.00801257	0.245248	0.336593	0.106182	0.0178068	0.0171982	0.0222771	0.0650118	0.0361754	0.0145329	0.0122228	0.135566	0.0035022	0.0347791	0.075585	0.0582513	0.143785	0.555087	0.033061	0.803304	0.246215	0.0155953	0.00296361	0.0135378	0.00418472	0.00652489	0.0126367	0	0	0	0	0.0376354
96.000	1.93019e+08	1.97586	0.278397	0.0147946	3.61869e-09	2880.79	0.310576	1.44184	6.69368	80752.1	39576.5	3444.9	48	6.20965e-06	5.96742e-05	1.28629e-05	0.00028291	5.0177e-05	0.000106683	0.000699749	0.00177009	0.0221675	0.00143861	0.0262011	0.00123921	0.00701273	0.000627559	0.0351266	0.0404697	0.00583294	0.0082923	0.0144228	0.000573002	0.0153319	0.00278795	0.0133191	0.0577933	0.026451	0.00193959	0.0112732	0.00361331	0.0079204	0.0278884	0.00522715	0.0384712	0.00979897	0.0283475	0.00411644	0.0820069	0.278757	0.225719	0.543162	0.00409445	0.00323739	0.00558242	0.00108714	0	0	0	0	0	0.0435849
98.000	1.93019e+08	2.00583	0.72932	0.0135362	3.61869e-09	1580.29	0.310576	1.57041	7.94073	311547	207422	6025.37	48	0.000379782	5.37275e-05	0.000283695	0.00384602	0.00276884	0.00373773	0.000691644	0.00104616	0.0209612	0.00365593	0.000301447	0.00609448	0.00030374	0.00656256	0.00187013	0.00211386	0.000331859	0.00609656	0.00133442	0.0012549	0.00758244	0.00929624	0.00291573	0.00659469	0.00194075	0.0899124	0.0238282	0.0115591	0.0176086	0.581684	0.0845685	0.798834	0.317431	0.218144	0.256985	0.0203529	0.0301722	0.00194493	0.00292911	0.00334991	0.000485369	0.00509774	0.00120008	0	0	0	0	0	0.0478185
99.000	4.82427e+08	2.00583	0.72932	0.0140592	4.92929e-08	2880.79	0.367961	1.5694	6.69368	44734.4	35935.3	4219.23	48	0.000279979	4.58686e-05	0.000377493	0.000383093	0.000127049	0.000779626	0.000154853	0.00041469	0.000574609	0.0151498	0.00685618	0.00847024	0.0223984	0.00475554	0.000577053	0.00121369	0.00763203	0.0178037	0.0100756	0.0219138	0.000778266	0.0120642	0.00559322	0.0128622	0.0119553	0.00150289	0.00784533	0.00915632	0.00759791	0.157025	0.0146698	0.0084048	0.15706	0.0264523	0.196901	0.374191	0.80062	0.31844	0.178419	0.474069	0.290065	0.0114147	0.0698751	0.0109475	0	0	0	0	0.0378783
97.000	1.93019e+08	1.97586	0.72932	0.0140592	3.61869e-09	2880.79	0.26766	1.46225	7.94073	128818	17310.9	2803.86	48	0.000351587	0.000384377	3.4349e-05	0.000927517	0.00142248	0.000163343	5.02632e-05	0.000746236	0.000893983	0.000800858	0.0539677	0.0260589	0.00637392	0.196169	0.0239514	0.213846	0.0191898	0.110809	0.093702	0.00508604	0.0529998	0.0218821	0.00512117	0.0834247	0.0121608	0.0589064	0.00948231	0.0531508	0.0137547	0.0403505	0.0379497	0.165973	0.0415065	0.486014	0.466932	0.104402	0.54736	0.0367962	0.0579074	0.0166674	0.01107	0.0276544	0.00430339	0.00176033	0	0	0	0	0.0478185
101.000	1.07692e+09	1.70702	0.144898	0.0143425	1.0652e-07	1580.29	0.400592	1.4875	5.52343	2706.26	3385.01	1673.34	48	0.0158387	0.290206	0.02022	0.442042	0.181098	0.331349	0.988962	0.107808	0.208941	0.117461	0.404791	0.214869	0.00959733	0.14346	0.0170488	0.480179	0.233789	0.294234	0.214235	0.00877625	0.261746	0.165082	0.0174744	0.0850907	0.11995	0.0116544	0.0980531	0.0336361	0.0355142	0.0132976	0.281024	0.0204058	0.222442	0.0911238	0.113889	0.179672	0.0779622	0.694561	0.734258	0.693063	0.412319	0.436546	0.336747	0.0308411	0.0461404	0.299453	0	0	0.039482
102.000	1.69341e+09	1.70702	0.0563349	0.0143425	1.0652e-07	1620.15	0.400592	1.4875	5.52343	7220.53	6226.22	1419.03	48	0.000541263	0.000217018	0.00369996	0.00740842	0.00715274	0.0029555	0.0393569	0.0780099	0.0159016	0.00432127	0.0209676	0.0224059	0.0552973	0.00670225	0.0730367	0.304156	0.30925	0.952215	0.0328091	0.0378359	0.0798591	0.173476	0.158762	0.0445982	0.111741	0.0498883	0.140022	0.0303958	0.0931584	0.0506885	0.024478	0.0227167	0.00729988	0.0118632	0.00668257	0.0568995	0.0498707	0.0202621	0.0318596	0.0494088	0.0214215	0.302029	0.548443	0.487723	0.109169	0.144878	0.0908776	0.0801302	0.039482
100.000	4.82427e+08	2.00583	0.72932	0.0143425	1.0652e-07	1580.29	0.367961	1.47714	6.75654	164434	81532.5	7093.78	48	0.0123412	0.00434257	0.0354557	0.00203013	0.000908555	0.0203201	0.00042152	0.00510965	0.00261212	0.0070132	0.00497999	0.00449709	0.000400577	0.000319903	0.0194321	0.00307618	0.00571724	0.00607609	0.0038903	0.0108799	0.0864211	0.00472119	0.0815727	0.0472106	0.011858	0.136909	0.0343882	0.815435	0.187878	0.0792273	0.997397	0.081533	0.00499832	0.00197424	0	0	0	0	0	0	0	0	0	0	0	0	0	0	0.039482
103.000	1.07692e+09	1.53131	0.0797507	0.0143425	4.10086e-08	5062.93	0.421049	1.68666	6.75654	1908.24	2414.31	1256.77	48	0.00396826	0.00159275	0.0448695	0.0428795	0.0175801	0.126914	0.0710411	0.0427889	0.010023	0.0461426	0.0489919	0.109167	0.00600376	0.0120016	0.00693889	0.0423308	0.289861	0.328435	0.92518	0.00516007	0.0042447	0.0103673	0.0123195	0.0750823	0.0316441	0.00364871	0.118231	0.0255652	0.0107775	0.0653354	0.0327088	0.0042366	0.0127786	0.02083	0.00528489	0.131646	0.0292565	0.411931	0.34447	0.0499224	0	0	0	0	0	0	0	0	0.0498078
104.000	3.84388e+09	1.70702	0.00569135	0.00760023	6.69576e-09	2667.23	0.400592	1.67512	7.00474	2013.33	2149.28	960.172	48	0.0246975	0.0016575	0.0398792	0.110833	0.222224	0.0996601	0.324827	0.0183038	0.00866779	0.0149956	0.0622777	0.0366235	0.0275827	0.02084	0.280771	0.0820107	0.00843567	0.0339384	0.248157	0.0115798	0.0597146	0.132412	0.0557871	0.045593	0.0584368	0.105179	0.018354	0.109194	0.133964	0.0631994	0.011886	0.0242947	0.455305	0.403729	0.696566	0.347619	0.325994	0.0302684	0	0	0	0	0	0	0	0	0	0	0.0498078
105.000	3.84388e+09	1.70702	0.00569135	0.00760023	2.38323e-09	5152.87	0.287247	1.46864	7.50889	2722.05	1883.18	624.813	48	0.027756	0.00186291	0.0448283	0.116156	0.228488	0.102477	0.336984	0.0190138	0.00900649	0.0155866	0.0654365	0.0384941	0.0289944	0.0219102	0.295449	0.0863118	0.00887807	0.0353622	0.249416	0.0114078	0.0588276	0.130445	0.0549584	0.0449158	0.0575687	0.103616	0.0180814	0.107572	0.131974	0.0631994	0.011886	0.0242947	0.455305	0.403729	0.696566	0.347619	0.325994	0.0302684	0	0	0	0	0	0	0	0	0	0	0.0498078
106.000	1.98102e+09	1.87762	0.0725884	0.00760023	2.38323e-09	5152.87	0.100777	0.883059	7.73781	8058.06	2986.7	614.832	48	0.0309328	0.0020723	0.0502237	0.121368	0.247474	0.111207	0.3768	0.0211632	0.0100234	0.0173539	0.0714423	0.0412972	0.0309584	0.0232027	0.299706	0.086888	0.00894162	0.0355674	0.251125	0.0115025	0.0593207	0.131893	0.0555827	0.04543	0.0588868	0.106497	0.0186854	0.111205	0.14051	0.0692003	0.0130207	0.0266517	0.504665	0.448198	0.773634	0.386588	0.363285	0.0342106	0	0	0	0	0	0	0	0	0	0	0.0424275
107.000	1.67999e+09	1.68889	0.0760853	0.0102171	9.886e-09	3707.28	0.169855	1.15224	7.81637	3250.6	1709.67	475.26	48	0.0352204	0.00235953	0.0572016	0.12947	0.27583	0.123998	0.399216	0.0224737	0.0106357	0.0183812	0.0715308	0.0413659	0.0310134	0.0232483	0.300616	0.0871681	0.00897075	0.0356936	0.252249	0.0115687	0.0596661	0.132977	0.056052	0.0458171	0.0599775	0.108923	0.0192013	0.11431	0.148629	0.074862	0.0140916	0.0288775	0.551511	0.490434	0.846847	0.423631	0.398767	0.0379864	0	0	0	0	0	0	0	0	0	0	0.0344663
108.000	1.98102e+09	1.87762	0.0725884	0.013735	2.38323e-09	2667.23	0.100439	0.881577	7.73781	4538.63	1722.93	349.037	48	0.0382103	0.00254923	0.0628309	0.133501	0.291404	0.130283	0.396991	0.0223501	0.0105774	0.0182808	0.0712218	0.0411986	0.0308902	0.0231589	0.299668	0.0869038	0.00894375	0.0355929	0.251689	0.0115525	0.0595855	0.133003	0.056071	0.045835	0.0603853	0.109959	0.019602	0.116823	0.154133	0.0787398	0.0148251	0.0304031	0.583742	0.51951	0.897256	0.449149	0.423227	0.0406025	0	0	0	0	0	0	0	0	0	0	0.027999
