22	1.56351e+09 1.50732 0.560171 0.0147802 5.7244e-08 976.837 0.475216 2.18956 7.44778 0.0288851
23	1.65146e+09 1.51028 0.397407 0.0144401 1.20681e-07 793.546 0.370239 2.02959 7.46496 0.0260168
24	1.56351e+09 1.51323 0.281936 0.0141078 2.54416e-07 976.837 0.475216 1.8813 7.44778 0.0234334
25	1.56351e+09 1.50732 0.0449118 0.0141078 2.73838e-07 2307.49 0.322067 1.8813 7.36809 0.0114157
26	1.95679e+09 1.51685 0.0170968 0.0141078 2.73838e-07 2307.49 0.288452 1.67799 7.36809 0.0114157
27	1.95679e+09 2.19873 0.0170968 0.0146944 2.73838e-07 953.8 0.322067 1.00601 7.48217 0.0114157
28	1.95679e+09 2.19873 0.0170968 0.0146944 4.40701e-08 1412.43 0.322067 1.00601 7.36809 0.015643
29	2.35748e+09 2.19873 0.0170968 0.0146944 1.14417e-08 1412.43 0.322067 1.00601 7.71037 0.0264716
30	2.85695e+09 2.24957 0.00484056 0.0117261 1.14417e-08 1412.43 0.126507 0.77955 7.93498 0.0364765
31	2.35748e+09 2.19873 0.00677148 0.0117261 4.40701e-08 1599.4 0.183888 0.77955 7.71037 0.0264716
32	2.85695e+09 2.20757 0.00677148 0.00909156 1.13047e-07 1599.4 0.114821 0.833553 7.71037 0.0202847
33	2.85695e+09 2.20757 0.00677148 0.0117261 1.13047e-07 1599.4 0.148826 0.833553 7.9637 0.0264716
34	1.29354e+10 2.20757 0.00677148 0.0146596 7.42134e-07 1285.57 0.148826 0.697754 7.9637 0.0202847
35	1.29354e+10 2.00982 0.0303235 0.0148398 7.42134e-07 1285.57 0.183888 0.833553 4.38333 0.0202847
36	5.71653e+10 1.50927 0.230013 0.014845 1.31141e-07 1285.57 0.450776 0.477711 7.9637 0.00378776
37	5.71653e+10 1.50762 0.230013 0.0149774 8.83266e-09 1926.48 0.490396 0.490396 4.79744 0.0205604
38	4.10824e+09 1.5 0.298818 0.0149774 5.77476e-09 2606.09 0.490396 1.21127 4.79744 0.0200499
39	1.44196e+09 1.50762 0.969393 0.0149774 5.06065e-09 5277.99 0.667618 1.21127 4.79744 0.0200499
40	2.68713e+09 1.50927 0.969393 0.0149461 5.06065e-09 5277.99 0.667618 1.21127 5.19111 0.0169212
41	1.44196e+09 1.5017 0.969393 0.0148498 5.77476e-09 3457.79 0.604985 1.76186 5.19111 0.0169212
42	2.22186e+09 1.5017 0.969393 0.0148498 1.48676e-07 3457.79 0.604985 1.76186 5.39201 0.00829096
43	1.44196e+09 1.51587 0.969393 0.0148498 1.48676e-07 3414.69 0.604985 1.76186 5.19111 0.00829096
44	1.68632e+09 1.5017 1.13851 0.0146351 1.48676e-07 3414.69 0.602745 1.76186 5.39201 0.0169212
45	1.2719e+09 1.5017 0.146571 0.0142545 3.87091e-08 3457.79 0.604985 1.76186 5.39201 0.00873315
46	1.2719e+09 1.50162 1.13851 0.0142545 2.47738e-08 3414.69 0.602745 1.89999 4.93662 0.0193195
47	1.2719e+09 1.51587 1.93061 0.013913 2.03029e-08 2624.83 0.4547 1.89999 4.07847 0.0297564
48	9.7268e+08 1.53339 1.13851 0.0131552 2.03029e-08 2624.83 0.359684 2.1638 4.07847 0.0380015
49	9.12047e+08 1.53339 0.693653 0.0131552 1.06388e-08 2149.46 0.4547 2.27621 4.07847 0.0400535
50	9.7268e+08 1.50281 0.693653 0.0134819 1.06388e-08 2149.46 0.4547 2.27621 4.66037 0.0400535
51	9.7268e+08 1.53339 0.147815 0.0134819 1.29614e-07 2149.46 0.540977 2.27621 4.66037 0.0380015
52	9.7268e+08 1.50281 0.147815 0.0134819 1.29614e-07 1715.51 0.676439 2.27621 4.66037 0.0247186
53	9.12047e+08 1.50281 0.588134 0.0134819 2.06847e-08 2528.52 0.676439 1.98154 4.66385 0.018516
54	1.01015e+09 1.50281 0.588134 0.0135152 2.06847e-08 2763.38 0.594222 1.98154 4.66385 0.018516
55	6.01307e+08 1.5282 0.588134 0.0139547 5.77879e-09 2839.95 0.540977 1.98154 3.94898 0.018516
56	1.01015e+09 1.5 0.588134 0.0135152 5.77879e-09 2839.95 0.594222 1.6408 4.61443 0.018516
57	5.20015e+08 1.5282 0.234405 0.0135152 5.77879e-09 2839.95 0.433373 1.94483 4.61443 0.0196538
58	1.01015e+09 1.91786 0.0221847 0.0135152 8.07548e-09 3814.65 0.416493 2.75647 4.61443 0.0196538
59	1.19453e+09 1.95006 0.0221847 0.0107403 3.05926e-08 3814.65 0.324175 1.94483 4.61443 0.00670149
60	2.71424e+09 2.05308 0.0221847 0.00929223 8.66448e-08 2611.8 0.324175 1.94483 7.60693 0.00670149
61	7.14846e+09 2.11274 0.0221847 0.00540495 8.66448e-08 2611.8 0.210141 2.10259 7.60693 0.00670149
62	7.14846e+09 2.11274 0.0429313 0.00540495 1.18551e-07 2611.8 0.210141 2.10259 7.60693 0.00670149
63	1.19453e+09 2.11274 0.0429313 0.00540495 1.38728e-07 1847.82 0.320197 1.87245 4.42492 0.0385335
64	4.51313e+09 2.11274 0.254303 0.00540495 2.07737e-07 1847.82 0.259312 1.83649 4.42492 0.0385335
65	4.51313e+09 1.5 1.08575 0.00540495 2.07737e-07 1847.82 0.320197 1.83649 4.42492 0.0130109
66	9.64875e+08 1.5 1.08575 0.00532597 3.78462e-07 1453.15 0.320197 1.83649 7.04022 0.0212814
67	8.62007e+08 1.83846 0.0703464 0.00532597 2.07737e-07 1453.15 0.259312 1.99724 7.58584 0.0212814
68	1.40858e+09 1.83846 0.0703464 0.00549012 4.40331e-08 1453.15 0.259312 1.99724 7.58584 0.0212814
69	8.62007e+08 1.97497 0.0451054 0.00532597 4.40331e-08 1453.15 0.533635 1.99724 7.04022 0.0250185
70	8.62007e+08 2.0061 0.0221226 0.00501345 1.98249e-07 1453.15 0.225705 1.99724 6.84837 0.0250185
71	8.62007e+08 2.0061 0.0221226 0.00549012 7.56671e-08 1447.64 0.465755 1.72869 4.19937 0.0314789
72	2.07041e+08 2.0061 0.0221226 0.00605673 7.56671e-08 2905.7 0.533635 1.38329 3.66974 0.0250185
73	1.66943e+08 1.97497 0.0451054 0.00605673 1.98249e-07 1447.64 0.533635 1.39921 2.59175 0.0250185
74	1.6137e+08 1.84409 0.0116991 0.00903854 7.56671e-08 4939.59 0.536779 1.39921 2.59175 0.0243383
75	1.6137e+08 1.84409 0.014665 0.0102156 3.98743e-08 2876.48 0.536779 1.39921 3.26206 0.0172098
76	1.6137e+08 1.84409 0.014665 0.0102156 3.98743e-08 2876.48 0.59356 1.45421 3.26206 0.0172098
77	7.99538e+07 1.7066 0.0440285 0.0147337 3.97262e-08 1868.07 0.596111 1.98884 3.46375 0.0140563
78	7.99538e+07 1.54205 0.014665 0.0147337 3.97262e-08 1868.07 0.596111 1.98884 3.86033 0.0140563
79	7.99538e+07 1.54205 0.029354 0.0147337 3.97262e-08 1868.07 0.314314 1.45421 3.86033 0.0140563
80	7.99538e+07 1.54205 0.029354 0.0131884 3.22163e-08 1189.74 0.568937 1.21593 4.37449 0.0279293
81	7.99538e+07 1.52417 0.029354 0.0149698 3.22163e-08 1868.07 0.353336 1.21593 4.37449 0.0152564
82	9.00493e+08 1.52417 0.029354 0.0146756 1.12338e-07 993.687 0.353336 1.16601 5.14851 0.0257055
83	1.31665e+09 1.52417 0.0322036 0.0146756 1.12338e-07 1649.92 0.507933 0.980205 5.14851 0.0247136
84	1.31665e+09 1.55002 0.0388596 0.0146756 1.12338e-07 1649.92 0.509588 0.753985 4.37449 0.0247136
85	9.00493e+08 1.52994 0.0388596 0.0146756 1.12338e-07 2912.17 0.507933 0.753985 4.15029 0.0247136
86	7.01335e+08 1.55002 0.0322036 0.00685109 1.12338e-07 1649.92 0.509588 0.753985 5.14851 0.0257055
87	7.01335e+08 1.56578 0.0322036 0.00685109 2.40335e-07 1985.42 0.507933 1.20231 4.15029 0.0247136
88	6.59299e+08 1.56847 0.0329976 0.00789694 5.49396e-08 1985.42 0.47988 1.32738 4.15029 0.0270523
89	7.01335e+08 1.64357 0.0240928 0.00683088 5.49396e-08 1985.42 0.446293 1.32738 4.85419 0.0270523
90	9.83156e+08 1.64357 0.0329976 0.00525226 4.69683e-08 1985.42 0.47988 1.32738 5.48656 0.0270523
91	1.07589e+09 2.02583 0.0329976 0.00750119 4.69683e-08 1985.42 0.47988 1.25459 7.61372 0.0174322
92	9.83156e+08 2.08527 0.0329976 0.00750119 4.5276e-08 1254.85 0.47988 0.973964 7.61372 0.0270523
93	9.83156e+08 2.08527 0.0210814 0.00750119 2.28394e-08 2127.22 0.456075 0.973964 7.61372 0.0122497
94	2.09746e+08 1.97586 0.0375626 0.00750119 1.41979e-08 1254.85 0.456075 0.891287 7.94073 0.0435849
95	1.93019e+08 1.97586 0.0375626 0.0140592 1.41979e-08 1254.85 0.45015 0.891287 6.69368 0.0376354
96	1.93019e+08 1.97586 0.278397 0.0147946 3.61869e-09 2880.79 0.310576 0.898724 6.69368 0.0435849
97	1.93019e+08 1.97586 0.72932 0.0140592 3.61869e-09 2880.79 0.26766 1.46225 7.94073 0.0478185
98	1.93019e+08 2.00583 0.72932 0.0135362 3.61869e-09 1580.29 0.310576 1.1051 7.94073 0.0478185
99	4.82427e+08 2.00583 0.72932 0.0140592 4.92929e-08 2880.79 0.367961 1.46225 6.69368 0.0378783
100	4.82427e+08 2.00583 0.72932 0.0143425 1.0652e-07 1580.29 0.367961 1.47714 6.75654 0.039482
101	1.07692e+09 1.70702 0.144898 0.0143425 1.0652e-07 1580.29 0.400592 1.46225 5.52343 0.039482
102	1.69341e+09 1.70702 0.0563349 0.0143425 1.0652e-07 1620.15 0.400592 1.35326 5.52343 0.039482
103	1.07692e+09 1.53131 0.0797507 0.0143425 4.10086e-08 5062.93 0.421049 1.47714 6.75654 0.0498078
104	3.84388e+09 1.70702 0.00569135 0.00760023 6.69576e-09 2667.23 0.400592 1.35326 7.00474 0.0498078
105	3.84388e+09 1.70702 0.00569135 0.00760023 2.38323e-09 5152.87 0.287247 1.35326 7.50889 0.0498078
106	1.98102e+09 1.87762 0.0725884 0.00760023 2.38323e-09 5152.87 0.100777 0.890527 7.73781 0.0424275
107	1.67999e+09 1.68889 0.0760853 0.0102171 9.886e-09 3707.28 0.169855 1.14362 7.81637 0.0344663
108	1.98102e+09 1.87762 0.0725884 0.013735 2.38323e-09 2667.23 0.100439 0.890527 7.73781 0.027999
