id	family	param	value	dynamic	source	modes	loss	excess_db	decay_ratio
bass000	bass	midi	33	piano	double-bass_A1_025_piano_pizz-normal.mp3	21	1.5890	0.000	1.371
bass001	bass	midi	45	piano	double-bass_A2_025_piano_pizz-normal.mp3	15	1.2362	0.001	0.846
bass002	bass	midi	34	piano	double-bass_As1_025_piano_pizz-normal.mp3	18	1.4352	0.001	1.117
bass003	bass	midi	46	piano	double-bass_As2_025_piano_pizz-normal.mp3	19	1.7937	0.002	0.666
bass004	bass	midi	49	piano	double-bass_Cs3_025_piano_pizz-normal.mp3	10	1.6878	0.001	1.499
bass005	bass	midi	38	piano	double-bass_D2_025_piano_pizz-normal.mp3	18	1.4106	0.005	1.107
bass006	bass	midi	28	piano	double-bass_E1_025_piano_pizz-normal.mp3	15	1.3561	0.002	0.812
bass007	bass	midi	29	piano	double-bass_F1_025_piano_pizz-normal.mp3	29	1.2581	0.004	0.305
bass008	bass	midi	54	piano	double-bass_Fs3_025_piano_pizz-normal.mp3	17	1.7680	0.001	0.596
bass009	bass	midi	31	piano	double-bass_G1_025_piano_pizz-normal.mp3	14	1.1387	0.000	3.552
bass010	bass	midi	43	piano	double-bass_G2_025_piano_pizz-normal.mp3	15	1.1026	0.012	2.625
bass011	bass	midi	55	piano	double-bass_G3_025_piano_pizz-normal.mp3	20	1.7049	0.003	0.341
