id	family	param	value	dynamic	source	modes	loss	excess_db
banjo000	banjo	midi	57	forte	banjo_A3_very-long_forte_normal.mp3	24	1.2694	0.144
banjo001	banjo	midi	57	piano	banjo_A3_very-long_piano_normal.mp3	22	1.5312	0.247
banjo002	banjo	midi	69	forte	banjo_A4_very-long_forte_normal.mp3	47	1.5436	0.149
banjo003	banjo	midi	69	piano	banjo_A4_very-long_piano_normal.mp3	39	1.4917	0.169
banjo004	banjo	midi	81	forte	banjo_A5_very-long_forte_normal.mp3	36	1.3383	0.047
banjo005	banjo	midi	81	piano	banjo_A5_very-long_piano_normal.mp3	22	1.5610	0.226
banjo006	banjo	midi	58	forte	banjo_As3_very-long_forte_normal.mp3	22	1.3862	0.491
banjo007	banjo	midi	58	piano	banjo_As3_very-long_piano_normal.mp3	20	1.5598	0.243
banjo008	banjo	midi	70	forte	banjo_As4_very-long_forte_normal.mp3	48	1.2779	0.155
banjo009	banjo	midi	70	piano	banjo_As4_very-long_piano_normal.mp3	37	1.4713	0.221
banjo010	banjo	midi	82	forte	banjo_As5_very-long_forte_normal.mp3	44	1.5867	0.247
banjo011	banjo	midi	82	piano	banjo_As5_very-long_piano_normal.mp3	35	2.0229	0.205
banjo012	banjo	midi	59	forte	banjo_B3_very-long_forte_normal.mp3	26	1.3551	0.200
banjo013	banjo	midi	59	piano	banjo_B3_very-long_piano_normal.mp3	20	1.8003	0.530
banjo014	banjo	midi	71	forte	banjo_B4_very-long_forte_normal.mp3	47	1.1386	0.091
banjo015	banjo	midi	71	piano	banjo_B4_very-long_piano_normal.mp3	40	0.9915	0.327
banjo016	banjo	midi	83	forte	banjo_B5_very-long_forte_normal.mp3	37	1.5166	0.053
banjo017	banjo	midi	83	piano	banjo_B5_very-long_piano_normal.mp3	27	1.7529	0.131
banjo018	banjo	midi	48	forte	banjo_C3_very-long_forte_normal.mp3	33	1.6551	0.293
banjo019	banjo	midi	48	piano	banjo_C3_very-long_piano_normal.mp3	29	1.9892	0.498
banjo020	banjo	midi	60	forte	banjo_C4_very-long_forte_normal.mp3	27	1.7192	0.091
banjo021	banjo	midi	60	piano	banjo_C4_very-long_piano_normal.mp3	22	2.0554	0.315
banjo022	banjo	midi	72	forte	banjo_C5_very-long_forte_normal.mp3	43	1.6281	0.129
banjo023	banjo	midi	72	piano	banjo_C5_very-long_piano_normal.mp3	39	1.7525	0.149
banjo024	banjo	midi	84	forte	banjo_C6_very-long_forte_normal.mp3	45	1.3794	0.099
banjo025	banjo	midi	49	forte	banjo_Cs3_very-long_forte_normal.mp3	32	1.3696	0.379
banjo026	banjo	midi	49	piano	banjo_Cs3_very-long_piano_normal.mp3	27	2.0664	0.292
banjo027	banjo	midi	61	forte	banjo_Cs4_very-long_forte_normal.mp3	30	1.1654	0.208
banjo028	banjo	midi	61	piano	banjo_Cs4_very-long_piano_normal.mp3	22	1.8130	0.431
banjo029	banjo	midi	73	forte	banjo_Cs5_very-long_forte_normal.mp3	42	1.1484	0.187
banjo030	banjo	midi	85	forte	banjo_Cs6_very-long_forte_normal.mp3	32	0.9939	0.207
banjo031	banjo	midi	50	forte	banjo_D3_very-long_forte_normal.mp3	30	1.5958	0.437
banjo032	banjo	midi	50	piano	banjo_D3_very-long_piano_normal.mp3	31	2.0172	0.345
banjo033	banjo	midi	62	forte	banjo_D4_very-long_forte_normal.mp3	43	1.5535	0.334
banjo034	banjo	midi	62	piano	banjo_D4_very-long_piano_normal.mp3	42	1.9061	0.173
banjo035	banjo	midi	74	forte	banjo_D5_very-long_forte_normal.mp3	46	1.7715	0.270
banjo036	banjo	midi	74	piano	banjo_D5_very-long_piano_normal.mp3	36	2.1918	0.307
banjo037	banjo	midi	86	forte	banjo_D6_very-long_forte_normal.mp3	45	1.4738	0.215
banjo038	banjo	midi	51	forte	banjo_Ds3_very-long_forte_normal.mp3	27	1.4340	0.164
banjo039	banjo	midi	51	piano	banjo_Ds3_very-long_piano_normal.mp3	30	1.5426	0.371
banjo040	banjo	midi	63	forte	banjo_Ds4_very-long_forte_normal.mp3	48	1.5058	0.282
banjo041	banjo	midi	63	piano	banjo_Ds4_very-long_piano_normal.mp3	41	1.7102	0.142
banjo042	banjo	midi	75	forte	banjo_Ds5_very-long_forte_normal.mp3	46	1.3390	0.103
banjo043	banjo	midi	75	piano	banjo_Ds5_very-long_piano_normal.mp3	37	1.2994	0.261
banjo044	banjo	midi	87	forte	banjo_Ds6_very-long_forte_normal.mp3	38	1.2657	0.227
banjo045	banjo	midi	52	forte	banjo_E3_very-long_forte_normal.mp3	29	1.3703	0.294
banjo046	banjo	midi	52	piano	banjo_E3_very-long_piano_normal.mp3	31	1.7222	0.168
banjo047	banjo	midi	64	forte	banjo_E4_very-long_forte_normal.mp3	46	1.1052	0.410
banjo048	banjo	midi	64	piano	banjo_E4_very-long_piano_normal.mp3	41	1.1078	0.289
banjo049	banjo	midi	76	forte	banjo_E5_very-long_forte_normal.mp3	39	1.7136	0.123
banjo050	banjo	midi	76	piano	banjo_E5_very-long_piano_normal.mp3	30	1.1738	0.227
banjo051	banjo	midi	88	forte	banjo_E6_very-long_forte_normal.mp3	42	1.1073	0.042
banjo052	banjo	midi	53	forte	banjo_F3_very-long_forte_normal.mp3	29	1.5173	0.251
banjo053	banjo	midi	53	piano	banjo_F3_very-long_piano_normal.mp3	29	1.5917	0.315
banjo054	banjo	midi	65	forte	banjo_F4_very-long_forte_normal.mp3	41	1.1610	0.168
banjo055	banjo	midi	65	piano	banjo_F4_very-long_piano_normal.mp3	31	1.1607	0.223
banjo056	banjo	midi	77	forte	banjo_F5_very-long_forte_normal.mp3	44	1.0384	0.115
banjo057	banjo	midi	77	piano	banjo_F5_very-long_piano_normal.mp3	25	0.9434	0.181
banjo058	banjo	midi	54	forte	banjo_Fs3_very-long_forte_normal.mp3	29	1.6219	0.132
banjo059	banjo	midi	54	piano	banjo_Fs3_very-long_piano_normal.mp3	28	1.6154	0.444
banjo060	banjo	midi	66	forte	banjo_Fs4_very-long_forte_normal.mp3	36	1.1370	0.578
banjo061	banjo	midi	66	piano	banjo_Fs4_very-long_piano_normal.mp3	33	1.2399	0.483
banjo062	banjo	midi	78	forte	banjo_Fs5_very-long_forte_normal.mp3	33	1.2300	0.305
banjo063	banjo	midi	78	piano	banjo_Fs5_very-long_piano_normal.mp3	24	1.0071	0.160
banjo064	banjo	midi	55	forte	banjo_G3_very-long_forte_normal.mp3	29	1.5889	0.473
banjo065	banjo	midi	55	piano	banjo_G3_very-long_piano_normal.mp3	26	1.6979	0.150
banjo066	banjo	midi	67	piano	banjo_G4_very-long_piano_normal.mp3	26	1.9549	0.155
banjo067	banjo	midi	79	forte	banjo_G5_very-long_forte_normal.mp3	39	1.8099	0.224
banjo068	banjo	midi	79	piano	banjo_G5_very-long_piano_normal.mp3	34	1.6669	0.178
banjo069	banjo	midi	56	forte	banjo_Gs3_very-long_forte_normal.mp3	27	1.1019	0.118
banjo070	banjo	midi	56	piano	banjo_Gs3_very-long_piano_normal.mp3	24	1.6874	0.198
banjo071	banjo	midi	68	forte	banjo_Gs4_very-long_forte_normal.mp3	45	0.9815	0.298
banjo072	banjo	midi	68	piano	banjo_Gs4_very-long_piano_normal.mp3	35	1.3640	0.206
banjo073	banjo	midi	80	piano	banjo_Gs5_very-long_piano_normal.mp3	33	1.2515	0.199
