22.000	3.94169e+08	2.5022	0.00360008	0.00224781	2.79545e-10	299.78	0.487398	2.3488	11.319	5829.57	1470.49	527.856	48	0.00193761	0.0170092	0.00943592	0.0584769	0.0587228	0.0176602	0.0216515	0.0940608	0.121419	0.143049	0.0274016	0.0945798	0.295779	0.0807206	0.212157	0.0141809	0.0592417	0.0549051	0.0484899	0.232918	0.0470336	0.439026	0.460399	0.395269	0.156317	0.207774	0.623783	1	0.0424681	0.876698	0.419396	0.953846	0.0211351	0.406076	0.178889	0.633987	0.401465	0.0230351	0.546896	0.0993891	0.527168	0.0452142	0.472187	0.377308	0	0	0	0
23.000	1.45799e+10	2.3577	0.65478	0.00689639	2.04981e-06	2390.97	0.0995286	0.645536	4.18691	6021.19	3315.01	861.784	48	0.00123785	0.0161957	0.0110655	0.0286138	0.108188	0.00829645	0.0270651	0.0568756	0.200526	0.339018	0.115615	0.222915	0.178248	0.52882	0.402371	1	0.071178	0.248151	0.0167992	0.128467	0.216999	0.0859216	0.130911	0.0251965	0.109074	0.0169122	0.00368983	0.00634581	0.0111816	0.0458025	0.0475836	0.0433848	0.0131901	0.0156953	0.00532449	0.0160557	0.00655276	0.00325903	0.023731	0	0	0	0	0	0	0	0	0
25.000	8.92165e+08	2.59086	0.000614583	0.00519267	5.36033e-09	478.528	0.547257	3.42444	6.93107	4300.69	871.401	755.407	48	7.08721e-06	0.00195483	0.00744604	0.00347186	0.0540445	0.0161722	0.0162821	0.0124672	0.0193491	0.0364558	0.0222217	0.0483874	0.0226891	0.0423478	0.000718606	0.015309	0.0233206	0.0503377	0.0191949	0.0223166	0.122996	0.00179404	0.166983	0.142273	0.0549302	0.0935638	0.135602	0.0996959	0.0710515	0.344009	0.436851	1	0.1839	0.122509	0.0357797	0.378034	0.112708	0.156283	0.066286	0.150276	0.098492	0.762126	0.392617	0.037186	0.393707	0.996861	0	0
27.000	7.56694e+10	3.74465	20.6115	0.00146703	4.17788e-07	128.397	0.37531	2.6244	8.50311	6329.76	1579.98	1217.22	48	0.000149405	0.0246276	0.0362962	0.0342813	0.0793576	0.104692	0.0353049	0.0481198	0.199772	0.0102611	0.056524	0.183707	0.0524576	0.21112	0.17154	0.0848636	0.0403125	0.141236	0.00379258	0.117464	0.161045	0.252509	0.0138763	0.0760569	0.233673	0.424841	0.00297129	0.146041	0.0549545	0.78279	0.492859	0.0760701	0.445263	1	0.480534	0.277562	0.203898	0.130521	0.555051	0.823063	0.180035	0	0	0	0	0	0	0
26.000	4.90784e+09	2.68435	0.0248341	0.00283791	1.11844e-08	597.952	0.39789	1.81654	5.01099	3560.24	1360.55	989.961	48	5.72019e-05	0.0105993	0.0295532	0.0195927	0.126175	0.0104557	0.0735165	0.0381173	0.179184	0.084028	0.0933839	0.024892	0.148284	0.397174	0.404066	0.141895	0.15975	0.0507559	0.00230443	0.397382	0.64519	0.514798	0.251155	0.746462	0.791039	0.0954044	0.239719	0.135968	0.732364	0.0279471	0.110204	0.284744	0.426102	0.183153	0.325936	0.360167	0.22124	0.00687681	0.330185	0.427749	0.100384	0.549076	1	0	0	0	0	0
24.000	3.31365e+08	1.50673	0.0620126	0.00185778	2.75246e-07	921.01	1.54884	1.70878	3.92547	249.27	609.21	720.91	48	7.58669e-05	0.0123187	0.0927409	0.046564	0.275537	0.263204	0.077183	0.0833467	0.340998	0.422119	0.489006	0.36553	0.0106432	0.247977	0.518956	0.123114	0.0429443	0.140106	0.13275	0.111982	0.515072	0.102443	0.814226	0.806303	0.60159	0.230356	0.278541	0.642485	1	0.78077	0.0209189	0.267676	0.621486	0.233378	0.0984509	0.334471	0.409235	0.647418	0.0841114	0.664072	0.0421814	0.607929	0.121788	0.744491	0.0862253	0	0	0
28.000	2.15201e+10	3.23068	0.000143303	0.00392194	2.76752e-07	1742.97	1.2274	5.9709	29.0465	837.543	372.538	211.729	48	7.0631e-05	0.0250081	0.0106057	0.0375755	0.0396466	0.0490548	0.0765348	0.00874751	0.0351531	0.046361	0.099844	0.081938	0.324551	1	0.0718303	0.0205218	0.0279033	0.025617	0.367734	0.0443893	0.00745798	0.384026	0.0343562	0.0324662	0.121955	0.0940107	0.0126354	0.0665791	0.0495114	0.0556049	0.149692	0.129712	0.0662824	0.0567119	0.151223	0.129427	0.0473533	0.00496709	0.111186	0.0983666	0	0	0	0	0	0	0	0
29.000	1.39523e+08	2.39608	0.00146369	0.00116264	3.55225e-06	15659.7	0.934555	1.24408	15.9212	9089.42	14597	1657.75	48	2.75705e-05	0.00249319	0.165322	0.00998268	0.00562599	0.183223	0.0029521	0.014113	0.012592	0.00254721	0.00295316	0.00246642	0.00349026	0.0141075	0.0184945	0.00788878	0.0206455	0.00854359	0.0055583	0.020323	0.0099062	0.138514	0.0316508	0.0230818	0.013929	0.0112539	0.066087	0.0171341	0.0109387	0.0222971	0.581794	1	0.318822	0	0	0	0	0	0	0	0	0	0	0	0	0	0	0
30.000	3.33054e+09	2.46079	1.83147	0.00850038	4.17329e-06	792.751	0.237069	2.62151	5.33237	5253.25	1165.83	1418.48	48	4.35842e-05	0.00545439	0.00142587	0.0249085	0.00472555	0.0122144	0.0167873	0.000704768	0.00650075	0.00908129	0.0329812	0.025924	0.0163609	0.0143183	0.0107414	0.00233043	0.0755311	0.017777	0.0335943	0.062099	0.0699969	0.136232	0.0394302	0.0777282	0.00191504	0.0850748	0.0422092	1	0.30486	0.279054	0.0157985	0.344359	0.248741	0.319073	0.0904354	0.173644	0	0	0	0	0	0	0	0	0	0	0	0
31.000	1.96838e+10	2.18075	4.41998	0.00589494	1.1033e-06	1244.94	0.0114911	0.654116	3.57158	79643.6	3803.4	1986.21	48	8.53576e-05	0.00866552	0.0102754	0.00826184	0.0152989	0.012524	0.0133335	0.0119025	0.016769	0.00999948	0.01541	0.0505458	0.00914178	0.0565884	0.00484875	0.0806291	0.010156	0.118105	0.0460459	0.00479917	0.132471	0.157002	0.00264008	0.0327623	0.146553	0.1233	0.0192869	0.227549	0.0984283	0.0189959	0.384622	1	0.336113	0.422668	0.391749	0	0	0	0	0	0	0	0	0	0	0	0	0
32.000	3.11646e+10	2.96172	29.5422	0.000907891	1.58995e-06	588.371	0.0956558	5.15463	13.1363	292875	5338.43	3529.15	48	0.000338269	0.0135678	0.00747051	0.0274277	0.0612762	0.0879658	0.0479983	0.0163549	0.0439954	0.0538399	0.033958	0.0449453	0.0483077	0.0140084	0.122181	0.0867083	0.115531	0.00786717	0.123041	0.0204077	0.029203	0.0635159	0.00278207	0.132099	0.188881	0.0772997	0.0584485	0.113494	0.0637454	0.0521791	0.852687	1	0.0819865	0.0388754	0.0688977	0.00520208	0	0	0	0	0	0	0	0	0	0	0	0
33.000	6.41451e+09	2.71044	30	0.00166495	6.36369e-11	3299.84	0.0713835	9.91933	15.0478	182629	1130.41	1102.4	48	0.00116166	0.0392354	0.0350131	0.0114751	0.0459854	0.0972238	0.0936871	0.0331779	0.050668	0.0569076	0.0997196	0.100221	0.109076	0.174252	0.22665	0.0361947	0.0729439	0.0551076	0.056726	0.118721	0.137958	0.259736	0.172084	0.136015	0.108013	0.555451	0.466899	0.0213592	0.127257	0.0235413	0.217412	0.0831705	0.278729	1	0.463742	0.146569	0.00880681	0.622121	0.126334	0.0568739	0.0728033	0	0	0	0	0	0	0
34.000	9.81225e+08	3.92925	0.00517163	0.000347335	8.895e-09	132.124	0.0724528	20.1285	24.804	4.51099e+06	1931.11	2066.7	48	0.00122889	0.03046	0.0159441	0.01424	0.296083	0.0188328	0.0122501	0.101503	0.0962319	0.0428536	0.0624636	0.0465804	0.0494654	0.0896489	0.172851	0.020195	0.0930077	0.00944768	0.0265231	0.423243	0.143396	0.161033	0.0248209	0.266165	0.394222	0.0976915	0.260813	0.339538	0.998932	0.036598	0.138459	0.644183	0.0932632	0.363076	0.610852	1	0	0	0	0	0	0	0	0	0	0	0	0
35.000	1.65028e+09	2.23128	26.2622	0.00768941	1.67577e-07	4654.96	0.0628906	2.40072	6.47244	59656.3	2525.87	1911.74	48	0.00035697	0.000185018	0.00341244	0.017754	0.0143416	0.016588	0.0144436	0.0110352	0.0147395	0.098956	0.0065856	0.0241086	0.00241718	0.0167324	0.0177559	0.0291055	0.0326787	0.0115486	0.00159005	0.00754455	0.105947	0.0576284	0.0229748	0.00312255	0.0296207	0.00326798	0.0328932	0.00714013	0.0232956	0.074022	0.00145567	0.0846961	0.086414	0.00457172	1	0.0503497	0.150286	0.126705	0.0128898	0.177441	0	0	0	0	0	0	0	0
37.000	7.91292e+09	2.81633	0.003987	0.00297318	2.5044e-07	1167.2	0.0601329	3.65967	5.04638	427967	3036.28	3276.16	48	0.00105192	0.00754789	0.00309984	0.0306648	0.00550815	0.0030801	0.0656236	0.0714777	0.0641273	0.0397002	0.00294358	0.0072317	0.0370649	0.0611551	0.00605866	0.0549069	0.0190315	0.224041	0.0835219	0.0114777	0.0840652	0.0260991	0.1956	0.0058049	0.147507	0.0571069	0.0591595	0.237246	0.123757	0.0040325	0.106972	1	0.0451376	0.743799	0.998742	0.00970952	0.514068	0.524409	0.254224	0	0	0	0	0	0	0	0	0
36.000	3.09431e+08	2.11835	2.08885	0.00113117	8.27918e-09	918.655	0.091028	2.27193	10.0526	19203.3	2068.79	1229.06	48	0.00217471	0.0201716	0.157381	0.129682	0.100947	0.164037	0.290391	0.194211	0.133765	0.00316602	0.058778	0.0544505	0.268614	0.00344641	0.139097	0.199459	0.420719	0.138032	0.0104299	0.168816	0.123276	0.00807672	0.105145	0.00486155	0.0869383	0.036155	0.262616	0.0859677	0.0266238	0.237572	0.627272	0.0133199	0.255618	0.70723	0.132859	0.421642	1	0.0120753	0.20722	0.69555	0.0152091	0	0	0	0	0	0	0
38.000	2.72802e+08	2.18049	0.0336562	0.00371557	1.75419e-08	881.514	0.631126	2.68765	6.16766	1010.67	487.396	464.236	48	0.0135343	0.115023	0.116935	0.0997837	0.104066	0.46699	0.545408	0.645377	0.0541963	0.0038562	0.154426	0.318492	0.195587	0.34723	0.00429621	0.0670522	0.0927951	0.198317	0.333142	0.0192985	0.455923	0.0242968	0.0779732	0.107154	0.145121	0.109617	0.195337	0.439146	0.154839	0.150634	0.00603039	0.292112	0.467158	0.00486371	0.346041	0.127112	0.0183742	0.440406	0.47994	0.00913482	1	0	0	0	0	0	0	0
39.000	5.90488e+08	1.51517	0.0304798	0.00384859	6.87821e-08	1699.66	0.788142	1.94723	6.27807	1207.69	1246.67	1034.16	48	0.0100948	0.022181	0.0209528	0.027196	0.933477	0.00767123	0.0791082	1	0.039362	0.0393892	0.0862814	0.144985	0.219381	0.0364753	0.0730632	0.0474415	0.14455	0.0283217	0.0137993	0.0896877	0.0178948	0.378662	0.0767175	0.0158759	0.296088	0.0498411	0.00558763	0.154719	0.34813	0.0417959	0.0642878	0.0452981	0.0286168	0.00627765	0.141209	0.0454415	0.430399	0.100454	0.0116129	0.0822575	0	0	0	0	0	0	0	0
40.000	2.23475e+07	2.99717	0.000178843	5.03876e-05	8.29307e-09	100	2.26641	25.0767	29.7798	22541.2	3184.76	6865.31	48	0.0461973	0.0245971	0.0268816	0.0363048	0.024286	0.0533943	0.20209	0.0569545	0.331303	0.0189008	0.0291522	0.228857	0.0357574	0.0246275	0.388508	0.030235	0.35945	0.0296948	0.460042	0.0566324	0.248211	0.33136	0.306359	0.354278	0.194674	0.103446	0.0394407	0.0465376	0.392905	0.788107	0.28292	0.275243	0.208168	0.113921	0.383213	1	0.178817	0.338418	0	0	0	0	0	0	0	0	0	0
41.000	5.06643e+09	2.65173	0.856405	0.00433164	1.34023e-06	940.158	0.510102	2.23577	3.19803	2525.64	1391.51	2273.74	48	0.00540695	0.13484	0.11683	0.0419516	0.0190425	0.0190101	0.0265971	0.0422969	0.0070775	0.0334917	0.00178655	0.0281051	0.205404	0.0112658	0.285199	0.0424726	0.0634837	0.004191	0.129293	0.198483	0.700608	0.480154	0.0768189	0.333691	0.314997	0.316421	0.013059	0.439668	0.818834	0.112661	0.146595	0.104208	0.150008	0.0210282	0.42105	0.334953	0.181508	0.206337	0.20515	0.10884	1	0.102074	0	0	0	0	0	0
42.000	2.9541e+09	2.69067	0.00309499	0.00351206	7.22212e-08	1004.12	0.556824	2.63178	5.02004	2285.13	1058.79	1292.69	48	0.00606991	0.0543751	0.0932078	0.107129	0.0288385	0.00406949	0.00587222	0.00587915	0.0927772	0.0314543	0.119252	0.0336272	0.196787	0.0406426	0.0323053	0.0989094	0.00927485	0.392994	0.13533	0.162421	0.0119883	0.241984	0.832971	0.181301	0.0788431	0.0247721	0.0989862	0.078675	0.0119187	0.15194	0.329338	0.787597	0.37578	0.627033	0.157654	1	0.944061	0.459727	0.094406	0.386812	0.486967	0	0	0	0	0	0	0
43.000	4.0483e+09	2.67067	1.14259	0.0053462	6.17188e-06	1014.99	0.392604	2.436	3.2965	23410.3	3675.56	4414.38	48	0.00312392	0.0299016	0.0183322	0.00888479	0.00273517	0.013912	0.00570813	0.0209807	0.0157689	0.0228959	0.0937889	0.0272627	0.121267	0.236138	0.0300032	0.0659174	0.124721	0.361252	0.0178922	0.999658	0.828313	0.665486	0.375226	1	0.207626	0.333361	0.316893	0.145476	0.0963097	0.156534	0.23502	0.0273389	0.999733	0.339784	0.0956916	0.320278	0	0	0	0	0	0	0	0	0	0	0	0
44.000	3.02688e+08	2.39558	29.2926	0.00350788	1.5038e-06	467.025	0.154024	2.27283	14.8954	66443.9	3724.65	925.049	48	0.00626697	0.00534799	0.0309967	0.0544263	0.0107569	0.0114062	0.0212722	0.0498885	0.0515428	0.0380116	0.156685	0.123485	0.184885	0.0260664	0.0213319	0.0270568	0.00230699	0.078606	0.0278724	0.0761456	0.0350112	0.00137875	0.426187	0.104946	0.0209669	0.0290425	1	0.0326261	0.0146141	0.0951105	0.207406	0.0549652	0.0575926	0.843625	0.00162933	0.0022029	0.128457	0.00661649	0.059185	0	0	0	0	0	0	0	0	0
45.000	7.92386e+08	2.58832	0.0340271	0.00231213	8.48124e-08	481.353	0.779886	2.81792	3.36921	40212.8	11374.5	13504.1	48	0.00314961	0.0130296	0.0299581	0.0305088	0.0104302	0.0122144	0.0510512	0.0139732	0.0238659	0.0425333	0.00354976	0.0317069	0.0585705	0.10373	0.085378	0.0578421	0.0226173	0.00103127	0.0647752	0.0920326	0.00309338	0.231218	0.347064	0.245073	0.943236	0.415404	0.429631	0.109254	1	0.0278807	0.290951	0.0622697	0.00837745	0.188289	0.215038	0.0211067	0.26217	0.0738896	0.760473	0.697563	0	0	0	0	0	0	0	0
46.000	1.11791e+10	2.67798	1.32001	0.00191519	2.04881e-06	2792.54	0.153456	5.82299	5.40352	4382.21	402.707	1955.71	48	0.0194916	0.0411208	0.11281	0.148572	0.181125	0.0457786	0.0888686	0.2528	0.139212	0.246132	0.314085	0.672391	0.118972	1	0.444434	0.0223418	0.337978	0.635999	0.0231833	0.360879	0.276877	0.338994	0.711746	0.147286	0.482827	0.015119	0.303293	0.878466	0.0394022	0.157276	0.999626	0.184599	0.132331	0.041728	0.150041	0.335066	0.0889226	0.390272	0.0193062	0	0	0	0	0	0	0	0	0
47.000	1.38863e+09	2.44789	0.114316	0.0049116	4.5504e-09	1803.59	0.421455	1.71717	3.95942	4506.19	2157.84	2088.16	48	0.00348146	0.0696612	0.0421578	0.205142	0.00766722	0.214629	0.0108262	0.00288178	0.0702474	0.0132334	0.00124118	0.223792	0.0937363	0.0115005	0.0274646	0.120795	0.817198	0.0436099	0.0991182	0.455851	0.037583	0.336979	0.759744	0.0275899	0.375156	0.261627	0.0862995	0.368704	0.205352	0.344746	0.0298538	0.129569	0.344746	0.0749893	0.230409	1	0.183021	0	0	0	0	0	0	0	0	0	0	0
48.000	4.08652e+08	2.19345	0.0242887	0.00237673	3.52279e-08	1440.24	0.282987	4.73654	4.81518	2712.08	442.976	1235.76	48	0.0150828	0.334915	0.178992	0.0593032	0.322313	0.0174101	0.0783505	0.175207	0.203845	0.994444	0.162152	0.124346	0.13572	0.534422	0.21282	0.331065	0.785904	0.0761926	0.145869	0.705152	0.76924	0.776305	0.204858	1	0.101148	0.120835	0.174518	0.0216192	0.301248	0.0502115	0.401219	0.395161	0	0	0	0	0	0	0	0	0	0	0	0	0	0	0	0
49.000	3.10291e+09	2.81608	2.28045	0.0037641	6.79238e-07	1042.57	0.573252	2.25337	3.56745	27814.8	6158.34	4514.15	48	0.00638722	0.0615301	0.0818364	0.0161593	0.0287595	0.010129	0.238674	0.280186	0.187302	0.00931652	0.0630688	0.0754202	0.380371	1	0.00751283	0.499457	0.104812	0.0452555	0.915062	0.162347	0.999768	0.156692	0.258219	0.230402	0.0137493	0.256563	0.468911	0.274381	0.0613983	0.126791	0.673115	0.0337356	0.449873	0.0872146	0.30067	0.155092	0	0	0	0	0	0	0	0	0	0	0	0
50.000	9.24298e+09	2.59579	0.264543	0.00660743	3.93338e-06	1363.11	0.321046	2.88734	3.68894	12959.8	1428.9	1595.57	48	0.0129466	0.106364	0.0363353	0.0176091	0.0578497	0.017733	0.179711	0.157082	0.0662673	0.258205	0.149547	0.197051	0.0495371	0.0529718	0.0307014	0.999651	0.407884	0.0141448	0.451796	0.0286069	0.580393	0.0777808	0.00781048	0.349356	0.723274	0.0650653	0.273614	0.0544417	0.104832	1	0.172978	0.0891271	0.211448	0.278312	0	0	0	0	0	0	0	0	0	0	0	0	0	0
51.000	1.82406e+12	3.23026	0.207366	0.00248091	2.85972e-08	532.417	0.277036	2.79218	3.50774	6877.42	1395.07	2554.52	48	0.037652	0.0187474	0.193793	0.0231598	0.119976	0.182027	0.327031	0.0412153	0.123402	0.0477288	0.191486	0.0555019	0.00359195	0.130757	0.0579215	0.106955	0.571743	0.161647	0.0866979	0.218269	0.0340436	0.1221	0.242012	0.324639	1	0.142328	0.0975158	0.480385	0.161756	0.049972	0.233379	0.990053	0.0674937	0.0768317	0	0	0	0	0	0	0	0	0	0	0	0	0	0
52.000	3.21373e+08	2.08209	0.00537294	0.00466576	1.41921e-07	1162.99	0.509136	2.6448	4.54159	3068.3	1241.38	1605.53	48	0.0340766	0.0143411	0.124595	0.130239	0.120777	0.100143	0.100525	0.0245427	0.029471	0.0175564	0.0174288	0.0715986	0.182568	0.0678958	0.0856832	0.0324541	0.130402	0.0898973	0.00376639	0.0488368	0.0863783	0.0919158	0.109517	0.0827122	0.215199	0.0793587	0.259552	0.131083	0.160556	0.326096	0.0257423	1	0.132803	0.199641	0.0859948	0	0	0	0	0	0	0	0	0	0	0	0	0
53.000	1.12093e+09	2.62677	0.189555	0.00463473	1.22262e-08	715.077	1.14414	2.22771	2.60023	5173.53	5473.39	10488.6	48	0.0201016	0.0359954	0.00673473	0.00506312	0.0444073	0.00684459	0.11966	0.0445533	0.106063	0.027851	0.0884745	0.954177	0.147207	0.0255225	0.237783	0.196784	0.316164	0.298764	0.771791	0.354813	0.630957	0.398107	0.649381	0.43401	0.122321	0.112202	0.125892	1	3.679e-05	0.000245884	0.000169133	0.000174072	0.000206885	0.000138271	2.60453e-05	0	0	0	0	0	0	0	0	0	0	0	0	0
54.000	3.04255e+08	2.06302	0.02036	0.0034417	3.19265e-08	814.904	0.433199	3.02719	4.52639	2724.94	936.581	1597.38	48	0.0655746	0.0909515	0.154393	0.106832	0.0418166	0.132611	0.189381	0.381844	0.472244	0.0927495	0.403841	0.984085	0.123717	0.0205401	0.158892	0.118457	1	0.0365811	0.0459812	0.0041329	0.0260809	0.216738	0.0577968	0.0297912	0.399843	0.0633699	0.32947	0.066691	0.0159382	0.115609	0.128682	0.68786	0.151578	0.2619	0.329713	0.202132	0	0	0	0	0	0	0	0	0	0	0	0
56.000	1.1903e+10	2.89249	0.867792	0.00220798	2.48648e-06	816.881	0.755596	2.56625	2.5795	28787.5	7587.3	11370.4	48	0.01513	0.007133	0.00530576	0.0620433	0.0138762	0.0466558	0.0530513	0.121613	0.0926267	0.741693	0.551722	0.576655	1	0.0701117	0.324898	0.246213	0.103563	0.00699796	0.16082	0.131264	0.203007	0.156593	0.0136169	0.235574	0.263656	0.166425	0.166829	0.313273	0.999712	0.58976	0.262842	0.417153	0	0	0	0	0	0	0	0	0	0	0	0	0	0	0	0
55.000	3.754e+09	2.70254	2.13406	0.0036473	2.75276e-06	534.278	0.601672	2.48257	3.10502	3899.2	1814.46	3923.92	48	0.0327374	0.128839	0.0798389	0.0110265	0.0677109	0.177838	0.173921	0.173838	0.691077	0.0650044	0.109129	0.459031	1	0.015602	0.0917333	0.71737	0.260506	0.759579	0.0299202	0.184621	0.0988538	0.341786	0.0163798	0.685646	0.18321	0.104166	0.999948	0.209725	0.192617	0.100227	0.0753797	0.100615	0.130867	0.312197	0	0	0	0	0	0	0	0	0	0	0	0	0	0
57.000	7.60473e+09	2.51314	0.082875	0.00730735	1.54779e-06	742.817	1.19569	1.81757	5.54749	1367.29	2157.92	1659.84	48	0.00557869	0.0418332	0.0112598	0.0327622	0.112375	0.024445	0.157366	0.0617014	0.0504565	0.000774267	0.00832452	0.0570375	0.222396	0.268118	0.183546	0.00765211	0.0435283	0.20864	0.00200681	0.12114	0.101872	0.0630957	0.473151	0.016788	0.105925	0.00354813	0.0375837	0.00344746	0.0728617	1	0.00188364	0.0546386	0.0158489	0.00230409	0.043401	0.00530883	0.0290068	0.021752	0.0515822	0.0515822	0	0	0	0	0	0	0	0
58.000	2.83474e+08	2.09994	0.035743	0.00365205	2.00825e-08	820.119	0.780534	2.5595	3.40128	2490.27	1854.04	3427.08	48	0.0536809	0.0454677	0.128786	0.04902	0.0130509	0.00229189	0.0106473	0.0714139	0.231595	0.0274999	0.358973	0.267177	0.899832	0.874943	0.165704	0.011649	0.0609948	0.288632	0.243738	0.125545	0.340348	0.662185	0.411352	0.648065	0.578908	0.0360316	0.204259	0.52898	1	0.17149	0.999906	0.064932	0.595606	0.39807	0.258499	0.375802	7.5542e-05	0	0	0	0	0	0	0	0	0	0	0
59.000	2.73035e+08	2.00381	0.0167003	0.00322239	5.95866e-08	1468.01	0.454011	2.71609	5.61525	1899.72	883.286	1176.35	48	0.134172	0.199624	0.213751	0.3281	0.292171	0.0437231	0.0968882	0.115607	0.0516968	0.171142	0.2037	0.074187	0.341643	0.116319	0.00888331	0.268803	0.274046	0.0337836	0.0307364	0.113008	0.00816985	0.0850241	0.166225	0.0456103	0.0134984	0.363893	0.205259	0.0144229	0.0209677	0.0930902	0.531624	0.137528	0.215528	1	0.409028	0.709065	0.488431	0	0	0	0	0	0	0	0	0	0	0
60.000	8.71039e+08	2.3292	0.0925876	0.0033202	8.27007e-09	2093.82	0.34926	2.1355	3.1674	5614.89	2779.76	5931.8	48	0.0912326	0.0688773	0.0742009	0.0203261	0.0366828	0.078725	0.0135939	0.00478938	0.0239641	0.10155	0.00719508	0.284968	0.0345134	1	0.0250831	0.862188	0.0709444	0.711918	0.310664	0.0386599	0.997665	0.593508	0.235015	0.0698906	0.987232	0.19139	0.524106	0.453857	0.286364	0.023245	0.959222	0.000118209	0.494788	0.000288502	0.000444272	0	0	0	0	0	0	0	0	0	0	0	0	0
62.000	8.19699e+09	2.56368	0.00403092	0.00481775	7.08063e-06	321.684	0.548187	3.00106	5.82569	5251.91	1182.64	965.894	48	0.0713712	0.294578	0.307886	0.27897	0.117274	0.795128	0.731832	0.437839	0.318803	0.438237	0.445994	0.0503028	0.0381989	0.0142003	0.252918	0.146268	0.015276	0.857396	0.76646	0.0394342	0.902632	0.104238	0.232395	0.152874	0.0778438	0.223872	0.0707945	0.68786	0.133352	0.944061	0.817523	0.298538	1	0.000189771	0	0	0	0	0	0	0	0	0	0	0	0	0	0
61.000	4.18258e+08	2.14888	0.0479902	0.00392815	4.32333e-08	1435.04	0.591709	1.99006	5.43442	1879.43	1928.67	1196.68	48	0.000629626	0.00434314	0.212863	0.42694	0.0419814	0.486715	0.0701634	0.157615	0.252977	0.0300347	0.307557	0.872732	0.060147	0.213842	0.598653	0.953896	0.511704	0.0404331	0.460152	0.732566	0.0836703	0.971628	0.971628	0.172782	0.273842	0.421696	0.771792	0.266072	1	0.129569	0.728618	0	0	0	0	0	0	0	0	0	0	0	0	0	0	0	0	0
63.000	1.19232e+10	2.531	2.97658	0.00522072	2.63145e-06	991.686	0.467758	1.65666	2.59188	3203.73	2308.29	4357.04	48	0.000595963	0.0345218	0.311607	0.110641	0.0692255	0.225887	0.168442	0.155092	0.215778	0.21498	0.0207994	0.176547	0.297207	0.51281	0.530197	1	0.650535	0.379358	0.0600446	0.556313	0.39959	0.045202	0.289758	0.999699	0.0320416	0.0649951	0.139317	0.059132	0.300075	0.158145	0.111738	0.0418045	0.10038	0.172489	0.0720318	0.589099	0.265815	0.524981	0	0	0	0	0	0	0	0	0	0
64.000	2.01021e+09	2.46045	0.0537418	0.0065879	1.40524e-06	1913.81	0.500984	3.34369	4.38374	5249.62	1391.82	2678.49	48	0.0504471	0.00935941	0.0144556	1	0.933456	0.253061	0.618295	0.445958	0.156178	0.140406	0.0835838	0.20899	0.192131	0.428003	0.0424207	0.685117	0.876719	0.239218	0.190481	0.205166	0.999093	0.0315941	0.273593	0.561831	0.000103594	0.199345	0.000367566	0.228568	0.000436853	0.000318299	0	0	0	0	0	0	0	0	0	0	0	0	0	0	0	0	0	0
66.000	3.81144e+09	2.84419	4.25994	0.0024207	8.25617e-14	1170.35	0.654979	27.3763	28.6696	2782.57	138.686	448.131	48	0.293466	0.45873	0.51275	0.779512	1	0.145725	0.716538	0.133533	0.00965265	0.161807	0.117945	0.21962	0.319809	0.239805	0.176385	0.0351666	0.0746789	0.00706534	0.125909	0.0717124	0.0194959	0.0243132	0.0940466	0.0182489	0.00903241	0.02735	0.0959948	0.0122933	0.0423887	0.109414	0.0486083	0.0486942	0	0	0	0	0	0	0	0	0	0	0	0	0	0	0	0
65.000	4.52337e+09	2.48588	2.58991	0.00538044	1.93864e-06	834.544	0.597794	2.64571	3.56799	1879.83	1048.91	1869.78	48	0.353502	0.0168916	0.0981191	0.246585	0.276143	0.056527	0.252611	0.3894	0.0447927	0.0506555	0.171852	0.105343	0.0781858	1	0.167682	0.127588	0.853779	0.359137	0.306001	0.0833372	0.998142	0.538243	0.151496	0.0435152	0.143269	0.0873172	0.122916	0.0500969	0.0492793	0.277674	0.0850073	0.0899429	0.134172	0.146458	0.25504	0.37548	0	0	0	0	0	0	0	0	0	0	0	0
67.000	1.05726e+10	2.48591	0.358147	0.00673018	1.68817e-06	1039.34	0.532049	3.07428	3.87425	1921.99	782.567	1504.03	48	0.255675	0.0132923	0.0653674	0.103855	0.116808	0.0448484	0.058277	0.0448903	0.0275219	0.138561	0.0172119	0.172519	0.113931	0.361891	0.129744	0.0137832	0.0937313	0.45919	0.0655651	0.0244691	0.837563	0.515227	0.0771392	1	0.458805	0.637969	0.14651	0.0297275	0.0971965	0.092261	0.245894	0.132932	0.0642885	0.257784	0.286266	0	0	0	0	0	0	0	0	0	0	0	0	0
68.000	1.60985e+09	2.20451	0.0128437	0.00662377	4.90379e-09	711.841	0.36863	5.87994	12.1427	953.766	180.835	292.834	48	0.00134798	0.0247404	0.0265113	0.371224	0.476818	0.348409	0.00592438	0.017829	0.0605362	0.0961372	0.183212	0.0122575	0.0192065	0.0148763	1	0.129803	0.580899	0.0503406	0.236651	0.285068	0.0694796	0.212287	0.249128	0.279552	0.406175	0.397802	0.397802	0.999235	0.364895	0.386516	0.397802	0	0	0	0	0	0	0	0	0	0	0	0	0	0	0	0	0
69.000	1.45668e+08	1.88046	0.241715	0.0187787	1.09427e-07	514.135	0.575029	1.48606	3.7254	5575.17	3033	1764.73	48	0.000294876	0.000221558	0.00667358	0.0871053	0.0193245	1	0.218014	0.0730174	0.525265	0.0308561	0.471398	0.45611	0.156158	0.0129273	0.0476709	0.00801448	0.548553	0.160886	0.0499457	0.182389	0.229614	0.0862975	0.11844	0.0514041	0.0272896	0.0685485	0.0265154	0.0223099	0.0333809	1.06348e-05	0	0	0	0	0	0	0	0	0	0	0	0	0	0	0	0	0	0
70.000	6.86646e+09	2.22465	1.8606	0.00411033	7.85047e-07	1335.51	0.233466	3.34882	5.59168	4302.99	979.76	1690.18	48	0.00329402	0.00146247	0.144713	0.0122419	0.14609	0.265015	0.186745	0.157275	0.00357517	0.0145385	0.189191	0.0502172	0.00282054	0.00225165	0.0257435	0.0153756	0.0881046	0.0146611	0.313245	0.128645	0.0169748	0.0228438	0.390393	0.0726406	0.0538782	1	0.461321	0.242811	0.419435	0.030349	0.0916083	0.0223871	0.0704887	0.0297524	0.033532	0.183774	0.0143668	0.0516322	0.080172	0.161756	0	0	0	0	0	0	0	0
71.000	7.50054e+09	2.45373	0.747942	0.00406015	0.000176112	856.767	0.346989	1.96132	3.59845	3107.42	1331.15	2232.25	48	0.000618111	0.885237	0.062144	0.00387966	0.335772	0.0817904	0.435847	0.0691899	0.105772	0.0978881	0.00925856	0.135416	0.00992796	0.0401445	0.350598	0.216913	0.106474	0.829818	0.41529	0.545423	0.114198	0.0498703	0.173734	1	0.234042	0.33012	0.570596	0.0097196	0	0	0	0	0	0	0	0	0	0	0	0	0	0	0	0	0	0	0	0
72.000	9.95137e+07	2.21601	0.0102437	0.00237105	1.92082e-07	1163.4	0.654473	2.58452	3.73777	42808.7	22230.2	38938.9	48	8.69391e-05	1.86214e-05	0.0238908	0.00566711	0.00709457	0.0012268	0.00708568	0.00124716	0.020185	0.150754	0.0648766	0.0407456	0.291883	0.265037	0.298093	0.0749893	1	0.325462	0.0199526	0.105925	0.486967	0.421696	0.00015074	6.00108e-05	6.17632e-05	8.72428e-05	0	0	0	0	0	0	0	0	0	0	0	0	0	0	0	0	0	0	0	0	0	0
73.000	3.12213e+09	2.63605	1.06598	0.0061411	3.30283e-06	936.84	0.529809	1.76548	3.84422	6692.81	3991.85	5489.45	48	0.0062935	0.00756929	0.0142471	0.0740406	0.0330711	0.0525029	0.0015291	0.000981218	0.0374885	0.0604605	0.0129863	0.00490643	0.0123019	0.0107778	0.00482005	0.0319798	0.0466853	0.0283512	0.039355	0.0297798	0.00717652	0.0515918	0.0117839	0.0817868	0.0530084	1	0.983522	0.140688	0.233377	0.220322	0.000215669	0	0	0	0	0	0	0	0	0	0	0	0	0	0	0	0	0
74.000	1.38621e+10	2.61769	0.902673	0.00668021	1.38602e-06	1109.02	0.800992	1.34268	2.67208	3151.68	3576.12	3458.35	48	0.000174432	0.0017507	0.0207254	0.073183	0.471942	0.255183	0.654231	0.664772	0.148044	0.0328378	0.191183	0.0559689	0.211667	0.0485474	0.00264808	0.002908	0.00205598	0.0552312	0.0995197	0.0128443	0.100113	0.161145	0.182802	0.149466	1	0.00159672	0.000847676	0.00155142	0	0	0	0	0	0	0	0	0	0	0	0	0	0	0	0	0	0	0	0
75.000	5.98206e+08	1.91395	0.127785	0.00363416	2.18086e-08	1581.51	0.636289	7.82914	10.5008	2185.66	561.131	2060.15	48	0.00268264	0.00590533	0.00425893	0.00838027	0.0436182	0.0381198	0.0576642	0.602819	1	0.44174	0.10798	0.219087	0.104871	0.0292484	0.0557779	0.0157728	0.0202457	0.0200821	0.103993	0.0207635	0.0431228	0.0339466	0	0	0	0	0	0	0	0	0	0	0	0	0	0	0	0	0	0	0	0	0	0	0	0	0	0
76.000	1.16222e+08	2.02844	0.0307482	0.0115226	1.01727e-07	556.02	0.672656	1.01889	6.27204	6632.34	4919.48	792.714	48	9.25402e-06	7.37973e-06	9.00527e-05	0.0031819	0.00556714	0.0115113	0.255159	0.221515	0.682627	0.0188452	0.098386	0.115387	0.0495352	0.00883948	0.0292906	0.00736576	0.0058857	0.0189198	0.0582556	0.0113499	0.0785312	1	0.153752	0.597609	0.110611	0.187387	0	0	0	0	0	0	0	0	0	0	0	0	0	0	0	0	0	0	0	0	0	0
78.000	5.28037e+09	2.58288	0.989135	0.00459977	9.4935e-06	1246.21	0.665999	1.93488	2.85259	3147.67	2654.4	5609.51	48	0.000254766	0.00162214	0.000148034	0.000941662	0.00457714	0.0414854	0.0809569	0.182204	0.437251	0.106783	0.0567297	0.0587787	0.00519364	0.0607606	0.0499785	0.0732783	0.125225	0.023575	0.0232	0.236464	0.15785	0.85815	0.931573	0.668344	1	0.530884	0.546386	0.000823626	0	0	0	0	0	0	0	0	0	0	0	0	0	0	0	0	0	0	0	0
77.000	1.52906e+09	2.63704	0.0250373	0.00023708	9.75128e-09	1935.56	1.10348	0.928436	8.42969	11659.7	51297	8864.28	48	0.170138	0.14523	1	0.105522	0.962891	0.10139	0.121879	0	0	0	0	0	0	0	0	0	0	0	0	0	0	0	0	0	0	0	0	0	0	0	0	0	0	0	0	0	0	0	0	0	0	0	0	0	0	0	0	0
79.000	1.6949e+10	2.35938	0.634566	0.00403772	2.78392e-05	444.066	0.780832	1.81047	3.99367	720.701	847.711	1126.85	48	0.00438227	0.00663919	0.0011024	0.0218309	0.365386	0.174103	0.207642	0.890454	0.0298572	0.0042149	0.0374313	0.021766	0.0120512	0.103404	0.397204	0.00486162	0.00668025	0.302366	0.286319	0.0203875	0.0362179	0.26489	0.091784	0.202803	0.00835214	0.148641	0.72376	0.0862287	0.122174	0.0792019	0.0763061	0.189979	0.123481	0.427987	1	0.218497	0.0327487	0.130382	0.460839	0.999553	0	0	0	0	0	0	0	0
80.000	4.02642e+07	1.83324	0.0268022	0.00213801	3.33728e-08	2293.9	0.467585	3.80368	6.3157	3069.55	861.306	1436.31	48	0.00964173	0.0176092	0.0383974	0.0518611	0.411199	0.734059	0.430194	0.498925	0.29189	0.225369	0.166333	0.244587	0.00665705	0.00864732	0.00398409	0.132608	0.00882738	0.00573016	0.0293606	0.0667594	0.308954	0.0521763	0.0867695	0.0318248	0.00325529	0.0300561	0.0145484	0.0474386	0.0226887	0.0606356	0.580551	0.296411	0.574472	1	0	0	0	0	0	0	0	0	0	0	0	0	0	0
81.000	8.02672e+09	2.26953	0.197681	0.0027375	7.40285e-07	1141.96	0.217479	2.84702	9.56554	5067.55	999.351	1521.16	48	0.00264288	0.0302047	0.4079	0.648843	0.298113	1	0.198412	0.119495	0.0895267	0.131794	0.00221406	0.0152727	0.0311842	0.00851688	0.00496954	0.0459647	0.122455	0.119103	0.34222	0.0150588	0.00678391	0.0502287	0.0368978	0.0104004	0.00963894	0.0118673	0.0601553	0.0398488	0.0515849	0	0	0	0	0	0	0	0	0	0	0	0	0	0	0	0	0	0	0
82.000	6.21499e+09	1.50186	0.160051	0.0212041	9.2578e-08	567.599	1.01845	1.94186	3.09439	1389.12	337.112	308.723	48	0.00190774	0.00483135	0.0356104	0.0578474	0.065559	0.573235	0.0500421	1	0.579197	0.0315342	0.00533335	0.00594517	0.023273	0.144931	0.119291	0.0212846	0.270044	0.00469573	0.0559137	0.0528043	0.0205208	0.0122875	0.0849856	0.0127638	0.0538907	0.0104763	0.0281942	0.00434586	0	0	0	0	0	0	0	0	0	0	0	0	0	0	0	0	0	0	0	0
83.000	9.28977e+11	1.5	0.00169924	0.00283223	3.46402e-05	525.788	2.32938	10.6852	0.969871	0.608324	0.126011	9.89005	48	0.000495144	0.0132388	0.0160015	0.0580562	0.10428	0.198498	0.143551	0.556607	1	0.795298	0.0656682	0.624951	0.290068	0.0772538	0.0029839	0.00882748	0.00614891	0.0528351	0.153486	0.00790236	0.0308231	0.010345	0.0164117	0.0201553	0.0152401	0.0136569	0.0104988	0.0099735	0	0	0	0	0	0	0	0	0	0	0	0	0	0	0	0	0	0	0	0
84.000	6.62564e+08	1.5	0.325068	0.0125714	1.683e-07	393.685	0.834478	1.55903	5.54946	1622.94	1670.04	254.03	48	0.00111075	0.00102841	0.00372483	0.0172728	0.286413	0.228397	1	0.223702	0.399548	0.108069	0.0798983	0.0525565	0.0322095	0.0275336	0.0254844	0.161877	0.0343508	0.174534	0.0837955	0.00411413	0.0120882	0.0225991	0.41588	0.00992381	0.873326	0.973177	0.00622002	0.0426669	0.0100465	0.0146792	0	0	0	0	0	0	0	0	0	0	0	0	0	0	0	0	0	0
86.000	3.57728e+08	1.51931	0.00756918	0.00421315	9.5883e-08	1080	0.715578	3.09324	6.62982	2104.12	1119.02	1230.7	48	1.57583e-05	6.53507e-05	0.000148703	0.000366093	0.0164304	0.0167119	0.0248806	0.0191123	0.0132352	0.013457	0.0159287	1	0.535335	0.0406639	0.0312595	0.267359	0.154447	0.0837156	0.0131892	0.00136286	0.00109281	0.000785156	0.000672472	0.00171503	0.00117068	0.000130302	0.00080497	0.01823	0	0	0	0	0	0	0	0	0	0	0	0	0	0	0	0	0	0	0	0
85.000	8.52212e+08	1.5	0.0336217	0.00360647	4.54801e-05	106.374	0.835977	10.7662	12.8652	3012.08	87.673	161.061	48	0.00242604	0.00299846	0.00298166	0.0172772	0.00190016	0.0184711	0.0650713	0.167131	0.336864	0.880992	0.869821	0.823548	0.208571	1	0.0488162	0.0224742	0.192553	0.32623	0.277013	0.173384	0.0174436	0.0113569	0.00551332	0.00301871	0.065825	0.0044924	0.0289995	0.00972898	0.00492655	0.0944319	0.0137717	0.0379392	0.060403	0.00937771	0.0198417	0.0261929	0	0	0	0	0	0	0	0	0	0	0	0
89.000	4.36905e+08	1.87406	0.07998	0.00243029	1.08711e-08	905.005	0.0963644	12.0065	2.17458	104027	818.564	8862.15	48	0.000152841	0.000257559	0.00496167	0.000470036	0.00601986	0.00475378	0.00503499	0.157042	0.00844488	0.134544	0.0983243	0.0142474	0.00643896	0.0375538	0.0142017	0.0919901	0.0826396	0.0979536	0.795212	0.712888	0.18982	0.401797	1	0.00252633	0.00927141	0.0452555	0.00805847	0.0149794	0.0244487	0.0349353	0.00339166	0.0786647	0.00431709	0.0148133	0.0016159	0.00500453	0.0424012	0.0558035	0.364118	0.0128881	0.0842957	0.0442792	0	0	0	0	0	0
87.000	4.12637e+10	1.52292	0.0462359	0.00404728	2.64966e-05	1248.68	1.20577	5.14773	5.92316	115.572	21.4703	34.2934	48	0.00251322	0.000200397	0.00803479	0.0810642	0.0452551	0.0278233	0.0488432	0.0521179	0.539742	0.274717	0.493703	0.340465	1	0.216747	0.00368654	0.0391014	0.111074	0.00253928	0.0233741	0.0590979	0.0345402	0.0536629	0.0170294	0.0143969	0.00475158	0.00183364	0.00782468	0.0122253	0.0378337	0.0205019	0.00504602	0.00440438	0.0279358	0.00699437	0.0156622	0	0	0	0	0	0	0	0	0	0	0	0	0
88.000	5.50465e+09	1.55974	3.46204	0.00537453	1.5643e-05	1567.55	0.787497	2.48501	3.38302	178.543	50.0179	95.7756	48	0.00455157	0.000354979	0.00403683	0.00021557	0.00877849	0.000704298	0.0669075	0.0695765	0.0208268	0.0215754	0.0689057	1	0.126026	0.981119	0.0220903	0.0571087	0.127835	0.00854987	0.131092	0.0341537	0.112657	0.0828206	0.0833415	0.00167013	0.00364323	0.0182227	0.0259102	0.0275235	0.0272724	0.00402385	0.010384	0.0312469	0.0234617	0.00287676	0	0	0	0	0	0	0	0	0	0	0	0	0	0
91.000	8.42799e+09	1.76881	1.31867	0.00433538	3.20323e-06	1675.77	0.643065	1.78824	4.24695	11185	2321.92	476.532	48	0.00254643	0.00167979	0.000789615	0.00716653	0.000925921	0.000360239	0.00692589	0.0152881	0.0238575	0.00124065	0.0341256	0.0526794	0.0234432	0.0663371	0.0370266	0.0480904	0.0972662	0.0413833	0.0255015	0.0224804	0.0113762	0.00640651	0.0172076	0.103045	0.0261014	0.00619347	0.0817679	1	0.127195	0.737913	0.507353	0.0855687	0.0349762	0.0227438	0.0208427	0.0175588	0.021417	0.0116945	0.00957069	0.0278604	0.0572392	0.171677	0.0664961	0	0	0	0	0
92.000	2.0475e+11	2.3587	3.06977	0.00401294	1.5716e-09	1308.9	0.0551611	7.06451	13.3658	289153	290.661	70.2084	48	0.000305308	0.00105871	0.000633693	0.00230394	0.000384417	0.00709002	0.0106761	0.00854096	0.00274924	0.00582189	0.03022	0.0130274	0.0333179	0.023448	0.00472001	0.0106227	0.0202645	0.00279534	0.00611182	0.0109251	0.0759444	0.0324247	1	0.895033	0.356878	0.057704	0.0188797	0.0284851	0.0262184	0.0162721	0.031778	0.00826831	0.00241027	0.00664948	0.0017798	0.00369875	0.00627152	0.0179765	0.00811541	0	0	0	0	0	0	0	0	0
90.000	9.07631e+08	1.50621	0.323385	0.0112507	1.26131e-07	575.143	0.522695	6.19133	4.61211	5262.8	247.151	451.008	48	0.000295501	0.00174331	0.000244003	0.00276721	0.00395745	0.00471386	0.00448701	0.024007	0.108565	0.0129416	0.0822677	0.0604972	0.00495707	0.0556648	0.00706943	0.0145326	0.00275093	0.0227008	0.0117333	0.0175988	0.29417	1	0.95391	0.240683	0.854958	0.862081	0.154552	0.115618	0.0147848	0.0767874	0.031728	0.0683951	0.051581	0.0139603	0.00442075	0.00468913	0.0484154	0.032542	0.0188995	0	0	0	0	0	0	0	0	0
93.000	9.90675e+09	1.84086	3.05504	0.00408079	2.56168e-06	1607.85	0.476628	2.5391	4.99708	15560.4	646.615	289.691	48	0.00043539	0.000574083	0.00272727	0.00168201	0.00123298	0.00296937	0.00934771	0.0148141	0.00998372	0.0035297	0.0515986	0.00509512	0.0274234	0.0161449	0.0762242	0.00446972	0.121176	0.0250765	0.0336427	0.00162729	0.0168134	0.0033397	0.0381118	0.00663421	0.0354857	0.0418762	0.271121	0.0993112	1	0.123209	0.661606	0.0241836	0.0362953	0.00342208	0.0129976	0.00331128	0.00629598	0.00321541	0.0234738	0.00672191	0.028067	0.0257858	0	0	0	0	0	0
96.000	2.47271e+10	3.28847	3.59288	0.000903394	5.81288e-09	1100.14	0.0263336	0.883683	29.6539	4.92037e+06	293695	2009.35	48	5.50134e-05	0.000528616	0.000113919	0.00250844	0.000442443	0.000940701	0.00617099	0.0152502	0.132195	0.00854619	0.138314	0.00622881	0.0351917	0.00289575	0.162322	0.173574	0.0245781	0.0306519	0.0525881	0.0020646	0.0511461	0.00840292	0.0399524	0.144734	0.0645528	0.00467968	0.0237854	0.00718282	0.0156828	0.0496825	0.0090541	0.0666497	0.0155796	0.0453304	0.0065815	0.14234	0.506411	0.409202	1	0.0684401	0.0515044	0.0845179	0.0163302	0	0	0	0	0
94.000	3.80693e+09	2.17855	29.9596	0.0105783	1.56722e-06	100.763	0.32919	13.4782	6.21123	17946.6	31.2504	769.754	48	0.000314857	0.000615042	0.00553842	0.008009	0.00278712	0.00648799	0.01078	0.00432161	0.133974	0.0424861	0.00797532	0.0336815	0.0566216	0.00774441	0.164446	0.0143145	0.00156064	0.0480161	0.0911485	0.00210158	0.00998338	0.119348	0.00346634	0.0172561	0.0258464	0.109379	0.0326435	0.0753747	0.0106384	0.00346527	0.0138041	0.123162	1	0.559703	0.00740451	0.143858	0.0145445	0.0252193	0.0129021	0.0276916	0.0343017	0.0374223	0.291216	0.010156	0	0	0	0
98.000	3.14969e+09	1.5	2.88917	0.0526872	8.36078e-07	430.432	0.320531	1.61284	8.11539	2655.58	413.17	15.9143	48	0.00450679	0.000640933	0.00232941	0.0312139	0.0196548	0.023821	0.00439247	0.00637623	0.124397	0.0205214	0.00168564	0.0336769	0.00168973	0.0345753	0.00979452	0.0103944	0.00142501	0.0254114	0.005688	0.00492762	0.028783	0.0330069	0.00689696	0.0130632	0.00319966	0.143631	0.0372698	0.0172654	0.0252657	0.76578	0.111298	1	0.399518	0.275348	0.333277	0.0266027	0.0405051	0.00266452	0.00426072	0.0189347	0.00285852	0.030352	0.00747973	0	0	0	0	0
95.000	1.47614e+10	1.86627	8.86909	0.00607784	2.56953e-06	1098.7	0.622201	2.50905	2.96182	6288.2	222.239	284.929	48	0.00195115	0.00710963	0.00438736	0.00169372	0.000530456	0.00764021	0.00444426	0.0118962	0.0100739	0.00290547	0.00346468	0.0116548	0.0275674	0.160077	0.0324657	0.016765	0.00918885	0.00632642	0.198126	0.27192	0.0867839	0.0146275	0.0145666	0.0188953	0.0613019	0.0356552	0.0154699	0.013031	0.150822	0.00390367	0.0397253	0.0865962	0.0670684	0.17536	0.682078	0.0405894	1	0.308814	0.021067	0.0161255	0.0742773	0.0236552	0.037682	0.0730773	0	0	0	0
99.000	4.53135e+09	3.26366	4.42706	2.30524e-06	2.30791e-08	2325.15	0.364513	3.30687	30	2.32686e+07	3.55828e+06	78523.5	48	0.00311377	0.000512209	0.00420393	0.00424646	0.00141092	0.00863214	0.00169941	0.00454154	0.00627918	0.117155	0.0454787	0.0572645	0.135073	0.0287462	0.00345027	0.00715126	0.0442128	0.102248	0.0577225	0.118588	0.00423185	0.0616916	0.0268996	0.0535567	0.0505753	0.00637186	0.0189704	0.0219472	0.0134881	0.270321	0.0236905	0.0127153	0.21668	0.0346269	0.234932	0.44394	1	0.398757	0.225962	0.603206	0.371202	0.0150999	0.0928482	0.0636375	0	0	0	0
97.000	1.83397e+10	1.76742	1.23959	0.00527264	2.31599e-06	1163.56	0.544846	2.11804	4.4984	11160.4	618.745	208.212	48	0.00370515	0.00409247	0.000362569	0.00968659	0.0142856	0.00169986	0.000525381	0.00727663	0.00871025	0.00779629	0.137286	0.0393631	0.00961812	0.204178	0.0234132	0.188008	0.0161664	0.0940129	0.0850693	0.00469755	0.0511358	0.0222665	0.00575751	0.0941085	0.0145363	0.0712628	0.0117949	0.0665898	0.0215479	0.0652735	0.0618087	0.280845	0.0707359	0.850212	0.832558	0.186543	1	0.069816	0.11657	0.0339617	0.0249504	0.0628764	0.0768135	0.0291529	0	0	0	0
103.000	1.39696e+10	1.77907	1.33926	0.00240244	5.99128e-06	1242.38	0.612432	2.41436	9.51803	3703.21	712.819	37.5587	48	0.00564232	0.00226697	0.0624211	0.0592265	0.0242875	0.140614	0.0727161	0.0435828	0.0101437	0.0460129	0.0488217	0.105962	0.00573885	0.0114601	0.00653401	0.0387539	0.261541	0.294867	0.815925	0.00459334	0.00376241	0.00921154	0.0109593	0.0695698	0.0294366	0.00342642	0.114239	0.0256071	0.0108132	0.0699285	0.0351781	0.00456391	0.0170902	0.0279334	0.0107269	0.312238	0.0704758	1	0.846812	0.123528	0	0	0	0	0	0	0	0
102.000	1.10511e+10	1.68062	1.51186	0.00558932	7.4744e-06	1265.92	0.58005	1.89749	6.20718	1556.94	485.474	48.0296	48	0.00324434	0.00130355	0.020933	0.0414513	0.0393279	0.0161289	0.0961444	0.132535	0.0265644	0.00693683	0.0314663	0.0333874	0.0724644	0.0078378	0.0649073	0.266558	0.247525	0.705378	0.0244056	0.0285601	0.0611551	0.134687	0.126063	0.0365297	0.0936589	0.04199	0.122244	0.0269524	0.0842826	0.0473982	0.0249271	0.0304346	0.0116988	0.0191215	0.013151	0.111243	0.0929124	0.0381275	0.0524266	0.0872047	0.037922	0.538024	1	0.894853	0.200444	0.269756	0.172243	0.156782
101.000	4.34406e+10	1.8339	1.19746	0.00536389	5.1381e-07	830.402	0.825748	1.82518	4.03426	472.185	479.704	115.918	48	0.0537839	0.241646	0.0166686	0.271683	0.111898	0.207806	0.627659	0.0685049	0.134569	0.0766006	0.268484	0.143174	0.00640583	0.0995011	0.0118609	0.342649	0.167892	0.213694	0.159192	0.00655886	0.201928	0.129127	0.0139265	0.067917	0.101339	0.00983896	0.0829337	0.0318923	0.035856	0.0143199	0.303357	0.0231908	0.253426	0.104004	0.143076	0.238057	0.103525	0.927227	1	0.945508	0.570195	0.606561	0.470343	0.0437045	0.0654511	0.428147	0	0
104.000	2.3194e+09	2.56766	8.34253	0.000712484	4.21893e-08	1260.25	0.344954	2.73904	21.7488	64858.8	21843.9	1879.07	48	0.0156694	0.00105243	0.0252342	0.0697253	0.128547	0.0576018	0.184611	0.0104137	0.00493095	0.00852798	0.0348909	0.0204472	0.0153842	0.0116014	0.15485	0.0451474	0.00464821	0.0186489	0.135203	0.00640562	0.0330975	0.0781462	0.0330696	0.0270756	0.0426554	0.0825888	0.0154989	0.0926693	0.136461	0.081585	0.0153953	0.0318196	0.64464	0.577665	1	0.503541	0.479597	0.0488625	0	0	0	0	0	0	0	0	0	0
105.000	4.52991e+08	1.5	0.0609707	0.013438	3.6726e-06	1559.63	0.180458	2.22634	27.4666	3638.62	1076.08	99.6002	48	0.0167901	0.00112782	0.0270415	0.0696104	0.124802	0.0559239	0.180534	0.0101963	0.00482927	0.00835461	0.0345011	0.0202182	0.0152119	0.0114714	0.153108	0.0446392	0.00459573	0.0184382	0.133671	0.00633246	0.0327195	0.0772496	0.0326876	0.0267626	0.0421406	0.0815797	0.0153047	0.0915093	0.134665	0.081631	0.0154034	0.0318346	0.644709	0.577669	1	0.503505	0.479558	0.0488295	0	0	0	0	0	0	0	0	0	0
100.000	2.45006e+09	1.75348	8.54342	0.0115416	7.9285e-06	1070.68	0.7813	3.23582	1.947	2880.61	484.584	3549.64	48	0.0950829	0.0330409	0.232292	0.0135449	0.00605679	0.117899	0.00257101	0.030665	0.0136169	0.0325068	0.0230379	0.0184399	0.00137081	0.00108988	0.0632794	0.0103266	0.0112508	0.008893	0.00562192	0.00962103	0.0767384	0.00434295	0.0753496	0.0437006	0.0111339	0.133375	0.0338402	0.809978	0.187461	0.0791112	1	0.0828948	0.0050977	0.00372793	0	0	0	0	0	0	0	0	0	0	0	0	0	0
107.000	3.06769e+09	1.5	1.77284	0.0748154	2.74851e-07	1029.95	0.337364	1.22835	4.47247	440.277	10.6504	68.6289	48	0.0193145	0.00129726	0.0311102	0.0695061	0.120263	0.0539439	0.176845	0.00998669	0.00472995	0.00818279	0.0337846	0.0197972	0.0148949	0.0112323	0.149899	0.0437033	0.00449903	0.0180499	0.130845	0.00619726	0.0320211	0.0755897	0.0319797	0.0261824	0.0411763	0.079683	0.014938	0.0893182	0.135029	0.0817411	0.0154227	0.0318707	0.64487	0.577679	1	0.503422	0.479459	0.0487506	0	0	0	0	0	0	0	0	0	0
108.000	8.99601e+08	1.5	0.550707	0.31329	5.4257e-07	1952.68	0.241496	0.958605	3.80513	204.762	243.095	44.1222	48	0.0173792	0.00116694	0.0280309	0.0588055	0.108345	0.0486198	0.161014	0.00909681	0.00430896	0.00745556	0.0310468	0.0182286	0.0137219	0.0103568	0.13887	0.0405205	0.00417199	0.0167585	0.121951	0.0058053	0.0300035	0.071429	0.0302477	0.0247713	0.0399854	0.0779044	0.0148184	0.0886957	0.135849	0.0820225	0.0154751	0.0319674	0.645138	0.57775	1	0.503286	0.479059	0.0485839	0	0	0	0	0	0	0	0	0	0
106.000	1.33545e+09	2.11333	14.1712	0.00909505	5.58038e-07	1122.73	0.187439	1.71468	15.6858	9510.53	2701.27	123.696	48	0.0180021	0.00120917	0.0289961	0.0695363	0.121466	0.0544837	0.178632	0.0100883	0.00477808	0.00826607	0.0341321	0.0200014	0.0150487	0.0113483	0.151457	0.0441576	0.00454598	0.0182384	0.132218	0.00626297	0.0323605	0.0763971	0.0323242	0.0264648	0.0416474	0.080611	0.0151177	0.0903923	0.134736	0.0816827	0.0154124	0.0318515	0.644785	0.577673	1	0.503466	0.479512	0.0487924	0	0	0	0	0	0	0	0	0	0
