22.000	3.94169e+08	2.3577	0.0620126	0.00224781	2.75246e-07	921.01	0.487398	1.42853	4.18691	5956.41	2830.93	1658.36	48	0.0016282	0.0142733	0.00790149	0.048829	0.048878	0.0146417	0.0177894	0.076886	0.0987206	0.115678	0.0220431	0.0760751	0.235608	0.0646085	0.169019	0.0112987	0.0470204	0.0434738	0.0383631	0.184497	0.0373854	0.35122	0.371857	0.323368	0.129953	0.176035	0.552201	0.906337	0.0393859	0.813986	0.415612	1	0.0310799	0.600156	0.27045	0.958954	0.629401	0.0361952	0.875429	0.159517	0.857444	0.0736955	0.775355	0.621535	0	0	0	0
23.000	5.93012e+08	2.42995	0.0149416	0.00341645	3.84111e-08	663.874	0.516461	1.66799	5.387	502.397	613.918	333.11	48	0.0121373	0.153686	0.100187	0.243558	0.852049	0.0594446	0.150129	0.266418	0.764198	1	0.244998	0.299256	0.115128	0.368453	0.275466	0.248285	0.0462987	0.263829	0.0211777	0.178456	0.349699	0.148875	0.231802	0.0402369	0.190302	0.028685	0.00617759	0.0108123	0.0205201	0.0844759	0.0980909	0.101862	0.0411953	0.0520281	0.0186264	0.0668472	0.0291484	0.0155004	0.114105	0	0	0	0	0	0	0	0	0
24.000	8.92165e+08	2.5022	0.0248341	0.00283791	1.11844e-08	597.952	0.487398	1.81654	5.01099	4598.4	1990.05	1464	48	5.59249e-06	0.000914542	0.00696613	0.00355679	0.021505	0.0210954	0.00638585	0.00745927	0.0321458	0.0420887	0.0519182	0.0416184	0.00121574	0.0303641	0.069715	0.0165292	0.00636722	0.0208472	0.0219002	0.0207818	0.10921	0.0251281	0.239828	0.283237	0.264448	0.127679	0.196559	0.63708	1	0.727665	0.0192229	0.209586	0.462617	0.178141	0.0752456	0.260778	0.319571	0.530682	0.0691452	0.572853	0.0369531	0.557201	0.112711	0.734211	0.0854727	0	0	0
25.000	4.90784e+09	2.59086	0.0620126	0.00283791	2.75246e-07	597.952	0.39789	1.81654	5.01099	3993.03	1351.03	944.499	48	1.70616e-05	0.00469699	0.017828	0.00826942	0.127842	0.0379425	0.0378253	0.0286276	0.04384	0.0813541	0.0487434	0.106125	0.0488098	0.0891323	0.0014784	0.0314469	0.0466391	0.0976929	0.034793	0.0387868	0.204222	0.00284231	0.263275	0.212694	0.0772255	0.126237	0.177752	0.12156	0.0863928	0.383827	0.459047	0.957743	0.173185	0.106465	0.0310127	0.30902	0.0848874	0.123727	0.0524527	0.119914	0.100743	0.779744	0.400662	0.037927	0.399138	1	0	0
26.000	4.90784e+09	2.68435	0.0248341	0.00283791	2.75246e-07	597.952	0.547257	2.6244	6.93107	2731.99	1053.96	808.021	48	5.16324e-05	0.00956434	0.0266671	0.0176775	0.113857	0.00943773	0.0663827	0.0344976	0.162534	0.0764805	0.0854364	0.0229205	0.136759	0.364907	0.376559	0.134322	0.15468	0.0529109	0.00243461	0.440653	0.767503	0.652119	0.323706	1	0.967466	0.0942118	0.23622	0.123347	0.652683	0.0252189	0.0871535	0.225096	0.326865	0.137514	0.233883	0.247661	0.141005	0.00435668	0.186554	0.241642	0.0521386	0.285087	0.493092	0	0	0	0	0
27.000	4.90784e+09	2.68435	0.00146369	0.00283791	2.76752e-07	597.952	0.547257	2.6244	8.50311	1134.48	686.154	621.526	48	0.000110889	0.0182792	0.0269403	0.0256692	0.0597151	0.0798931	0.0271857	0.0374531	0.157179	0.0081795	0.0451065	0.14875	0.0430067	0.173582	0.143333	0.0723931	0.0350045	0.128381	0.00295237	0.109151	0.149862	0.240545	0.0132392	0.0740353	0.233572	0.433771	0.00308117	0.151944	0.0578663	0.823247	0.441537	0.0787696	0.445863	1	0.457407	0.250204	0.180206	0.108868	0.460631	0.516128	0.112498	0	0	0	0	0	0	0
28.000	4.90784e+09	2.68435	0.0248341	0.00283791	4.17788e-07	792.751	0.39789	1.83938	8.50311	3461.77	1588.97	966.893	48	6.86919e-05	0.0243296	0.0103227	0.0365966	0.038646	0.0478694	0.0747777	0.00855889	0.0344521	0.045518	0.0982402	0.080801	0.321764	1	0.0714217	0.0204681	0.0280304	0.0257358	0.372898	0.0447624	0.0075212	0.389823	0.0347898	0.0328786	0.124041	0.0960683	0.0129542	0.0683937	0.0511133	0.057403	0.157301	0.136324	0.0700982	0.060357	0.160997	0.138726	0.0507702	0.00534138	0.120104	0.110679	0	0	0	0	0	0	0	0
29.000	1.96838e+10	2.46079	1.83147	0.00392194	1.1033e-06	1244.94	0.37531	2.62151	8.50311	2443.68	1084.23	682.058	48	5.91712e-05	0.0060999	0.866797	0.044371	0.0250861	1	0.0205486	0.142145	0.092325	0.0133583	0.0153776	0.00879001	0.0124333	0.0467555	0.0562133	0.0205734	0.0443744	0.0152902	0.00991286	0.0310975	0.0151455	0.300008	0.0531542	0.0386285	0.0233363	0.0160349	0.092214	0.0219443	0.0112295	0.0186778	0.207928	0.278499	0.0491692	0	0	0	0	0	0	0	0	0	0	0	0	0	0	0
31.000	6.41451e+09	2.46079	4.41998	0.00166495	1.58995e-06	1244.94	0.0956558	2.62151	13.1363	16468.1	1891.81	1072.96	48	0.000195098	0.0199942	0.0234418	0.0187917	0.0346426	0.0283551	0.0300116	0.0267878	0.0374726	0.0223422	0.0341381	0.108031	0.0192247	0.116925	0.00985135	0.163281	0.0201254	0.233674	0.088756	0.00922382	0.225615	0.262246	0.00422897	0.0522007	0.220786	0.18563	0.0274605	0.321249	0.12831	0.0247893	0.484394	1	0.240668	0.288413	0.257217	0	0	0	0	0	0	0	0	0	0	0	0	0
30.000	1.96838e+10	2.46079	1.83147	0.00392194	1.58995e-06	1244.94	0.237069	2.62151	13.1363	4469.84	1317.37	714.087	48	8.69946e-05	0.0108709	0.00283588	0.0493702	0.00933061	0.0239935	0.0329753	0.00137628	0.0126921	0.017455	0.062782	0.0487848	0.0307989	0.0266243	0.019972	0.00416132	0.136195	0.0293101	0.0553501	0.0954433	0.107949	0.209898	0.0583623	0.109394	0.00266058	0.112476	0.0560237	1	0.26817	0.20501	0.00945179	0.201494	0.110604	0.113533	0.0970799	0.18772	0	0	0	0	0	0	0	0	0	0	0	0
33.000	6.41451e+09	2.71044	26.2622	0.00166495	1.67577e-07	1244.94	0.0713835	5.15463	13.1363	196748	2361.63	1351.52	48	0.00106817	0.0360775	0.0324578	0.0105495	0.0422681	0.0893555	0.0868258	0.0304848	0.0465437	0.0522764	0.0923723	0.0920229	0.100996	0.159985	0.208103	0.0332413	0.0670389	0.0507884	0.0522713	0.110512	0.127393	0.24059	0.159997	0.127146	0.10096	0.525914	0.442231	0.0201002	0.119761	0.0223285	0.206386	0.0798571	0.272419	1	0.467749	0.147849	0.00901729	0.646083	0.130269	0.0597513	0.0787116	0	0	0	0	0	0	0
32.000	6.41451e+09	2.71044	4.41998	0.00166495	1.1033e-06	792.751	0.0724528	5.15463	13.1363	252449	3507.17	2308.57	48	0.000257742	0.0103455	0.0057042	0.0209832	0.0470004	0.0674608	0.036931	0.0126309	0.0342981	0.0422115	0.0266243	0.0354665	0.0383956	0.0111345	0.097885	0.0700798	0.0942875	0.00663069	0.103965	0.0174858	0.025384	0.0552166	0.00245549	0.116678	0.169151	0.0694623	0.0534804	0.103865	0.058812	0.0481575	0.847875	1	0.083291	0.039521	0.0715453	0.00541559	0	0	0	0	0	0	0	0	0	0	0	0
34.000	1.65028e+09	2.71044	26.2622	0.00113117	8.895e-09	918.655	0.0724528	5.15463	13.1363	186917	1969.52	1071.69	48	0.00243485	0.0601686	0.0312662	0.0279242	0.598646	0.0365932	0.023803	0.194945	0.186335	0.079756	0.116224	0.083094	0.0882256	0.15996	0.300565	0.034127	0.157101	0.015536	0.043358	0.678839	0.217716	0.244503	0.0361991	0.387409	0.579746	0.135807	0.28453	0.36956	1	0.0336217	0.126692	0.535197	0.0762136	0.266835	0.461805	0.278172	0	0	0	0	0	0	0	0	0	0	0	0
35.000	1.65028e+09	2.71044	2.08885	0.00166495	8.895e-09	1167.2	0.0713835	3.65967	10.0526	314811	6663.09	4916.12	48	0.00046385	0.000240598	0.00443669	0.0230711	0.0185887	0.0214992	0.0201233	0.014278	0.0190711	0.137474	0.00851133	0.031121	0.00336272	0.0214448	0.0227625	0.0368801	0.0414178	0.015712	0.00200135	0.00949199	0.140995	0.0711166	0.0280016	0.00379869	0.0343156	0.00369839	0.0371904	0.00788209	0.0257062	0.0788005	0.00149548	0.0868766	0.084118	0.00441139	1	0.0463736	0.106186	0.0894654	0.0071243	0.0969286	0	0	0	0	0	0	0	0
36.000	9.81225e+08	2.23128	0.0336562	0.00297318	1.75419e-08	918.655	0.0724528	2.68765	6.47244	17534.5	836.054	891.776	48	0.00128873	0.0119895	0.0939873	0.0780543	0.0602272	0.0996579	0.178487	0.121059	0.083394	0.00204127	0.0379783	0.0358999	0.181507	0.00235604	0.0965184	0.142011	0.299699	0.101727	0.0077035	0.128999	0.0942312	0.00638037	0.0832096	0.00415299	0.0744343	0.0324437	0.242611	0.0797841	0.0254574	0.227256	0.61117	0.0130169	0.250792	0.705636	0.132199	0.419686	1	0.0120538	0.206718	0.616645	0.013472	0	0	0	0	0	0	0
37.000	5.90488e+08	2.18049	0.0336562	0.00371557	6.87821e-08	1167.2	0.091028	2.40072	6.27807	73292.8	2568.23	1501.82	48	0.00158506	0.0113573	0.00466457	0.046033	0.00824315	0.00458973	0.0972767	0.10555	0.0941022	0.0584853	0.00430753	0.0105804	0.0537737	0.0879023	0.00862919	0.0781046	0.0267604	0.3114	0.114304	0.0157057	0.11328	0.0345721	0.237512	0.00699437	0.174293	0.0674615	0.0678609	0.271802	0.136526	0.00442398	0.11354	1	0.044716	0.588419	0.788625	0.00720637	0.377884	0.35829	0.166363	0	0	0	0	0	0	0	0	0
38.000	3.09431e+08	2.18049	0.0304798	0.00297318	1.75419e-08	918.655	0.631126	2.68765	6.27807	1334.29	695.774	677.4	48	0.00901191	0.0783815	0.0864942	0.0830453	0.101108	0.54559	0.769524	1	0.0857861	0.00611584	0.239583	0.43692	0.267521	0.411221	0.00454838	0.0702503	0.0976018	0.202482	0.339984	0.018932	0.443166	0.0241758	0.0708464	0.0973523	0.138698	0.101519	0.181013	0.470423	0.165092	0.160437	0.00647431	0.312744	0.47743	0.00494506	0.322806	0.11855	0.015555	0.370229	0.381934	0.00728173	0.707753	0	0	0	0	0	0	0
39.000	5.90488e+08	2.65173	0.0304798	0.00371557	6.87821e-08	940.158	0.631126	2.68765	6.16766	35910.9	14169.6	11759.8	48	0.000220303	0.000498819	0.000495107	0.000642814	0.0248971	0.000194713	0.00201332	0.0272739	0.00109735	0.00109861	0.00269727	0.00453696	0.00790602	0.00155044	0.00396064	0.00245065	0.00937528	0.0023885	0.00116509	0.0102629	0.00204025	0.0521978	0.0120183	0.00257874	0.0729658	0.0124693	0.00204635	0.0614899	0.151665	0.060824	0.106406	0.090112	0.0572388	0.0153992	0.344746	0.105925	1	0.223872	0.0258523	0.18302	0	0	0	0	0	0	0	0
40.000	5.90488e+08	2.65173	0.0304798	0.00371557	6.87821e-08	940.158	0.631126	2.63178	6.16766	8495.14	3156.58	2591.26	48	0.00472679	0.00263882	0.00288407	0.00423716	0.00283537	0.00703682	0.0313014	0.00881727	0.083028	0.00668348	0.0103502	0.13146	0.0200797	0.0138925	0.418326	0.0666676	0.98371	0.0678723	0.945641	0.103234	0.324419	0.432655	0.356573	0.413127	0.234312	0.124533	0.0555993	0.0613055	0.501187	1	0.365174	0.354813	0.237137	0.129569	0.334965	0.649382	0.11885	0.223872	0	0	0	0	0	0	0	0	0	0
41.000	2.9541e+09	2.67067	0.0304798	0.00384859	7.22212e-08	1004.12	0.556824	2.436	5.02004	4186.91	2000.53	2119.28	48	0.0030062	0.0755493	0.0663766	0.02431	0.0113241	0.0114473	0.0163355	0.027022	0.00474176	0.0222686	0.00119795	0.0199268	0.155768	0.00855859	0.234453	0.03822	0.0574845	0.00421511	0.131982	0.231977	0.948409	0.721673	0.113346	0.411921	0.358294	0.359306	0.0139721	0.469267	0.847289	0.119293	0.164631	0.11736	0.180187	0.0273821	0.652613	0.644937	0.409544	0.516378	0.421696	0.133352	1	0.000179155	0	0	0	0	0	0
42.000	2.9541e+09	2.67067	0.856405	0.00351206	1.34023e-06	940.158	0.510102	2.436	5.02004	3131.53	1530.43	1749.61	48	0.00533092	0.0479107	0.0825311	0.0966426	0.0257367	0.00362931	0.00529753	0.00530447	0.0850988	0.0294531	0.112036	0.0315881	0.189106	0.039475	0.0313779	0.100693	0.00947863	0.424809	0.146207	0.182671	0.0137315	0.279725	1	0.218392	0.0949027	0.0283971	0.113311	0.0764064	0.0095238	0.11989	0.210244	0.502455	0.176039	0.256664	0.0643921	0.432465	0.536722	0.262411	0.0653092	0.303331	0.339614	0	0	0	0	0	0	0
43.000	2.9541e+09	2.65173	0.856405	0.00351206	1.34023e-06	940.158	0.510102	2.436	3.36921	22948.2	5041.89	5786.37	48	0.00364233	0.0345767	0.0209083	0.0099316	0.00297864	0.0146009	0.00598974	0.0210192	0.0157932	0.0215765	0.0815508	0.0236897	0.0941946	0.183245	0.0228514	0.0433154	0.081805	0.176647	0.00793648	0.251873	0.213476	0.576545	0.373442	1	0.316956	0.536075	0.357444	0.163689	0.0949331	0.145955	0.185958	0.0211649	0.731235	0.254537	0.0833549	0.279896	0	0	0	0	0	0	0	0	0	0	0	0
44.000	2.9541e+09	2.67067	1.14259	0.00350788	1.5038e-06	1004.12	0.392604	2.63178	5.02004	48993.7	8494.54	7252.91	48	0.00207693	0.0017856	0.0103499	0.0183983	0.00369896	0.00392252	0.00747571	0.0180029	0.019271	0.0141467	0.0630952	0.0522485	0.0782392	0.011728	0.00960163	0.0129861	0.00111392	0.0410978	0.0145826	0.0439537	0.0202349	0.000887552	0.279916	0.068363	0.015645	0.0253341	0.889663	0.0284959	0.0127934	0.0992448	0.243312	0.0643825	0.065753	1	0.00182278	0.00183695	0.106074	0.00489972	0.0436031	0	0	0	0	0	0	0	0	0
45.000	1.38863e+09	2.58832	1.14259	0.00350788	1.5038e-06	1014.99	0.392604	2.436	3.95942	19584.4	2898.56	2449.16	48	0.0119544	0.0502347	0.118648	0.125792	0.0446865	0.0533041	0.241058	0.0659476	0.125356	0.223676	0.0215263	0.192551	0.423048	0.779446	0.625172	0.5034	0.175731	0.00525462	0.320692	0.269989	0.00877503	0.398563	0.597522	0.260027	1	0.313466	0.32296	0.0776621	0.716036	0.0201496	0.211948	0.0456958	0.00684684	0.154429	0.184784	0.0180261	0.198111	0.0560171	0.633627	0.58005	0	0	0	0	0	0	0	0
46.000	7.92386e+08	2.44789	0.114316	0.00237673	8.48124e-08	1440.24	0.282987	2.81792	4.81518	7072.65	1909.26	4683.12	48	0.00481523	0.0101809	0.0279234	0.036884	0.0444708	0.0114148	0.0221559	0.0623376	0.0349026	0.0622198	0.0803702	0.172308	0.0310238	0.256674	0.114276	0.00599823	0.0908471	0.180173	0.00715487	0.111997	0.0994193	0.121767	0.301207	0.0654468	0.211173	0.00841759	0.171498	0.632232	0.0288614	0.134347	0.861931	0.18343	0.145639	0.0497313	0.185407	0.685655	0.182507	1	0.0539041	0	0	0	0	0	0	0	0	0
47.000	1.38863e+09	2.58832	0.114316	0.00237673	8.48124e-08	1440.24	0.421455	2.81792	3.95942	30005.4	7860.07	12869	48	0.00114919	0.0224885	0.0131263	0.0606789	0.00227426	0.0616506	0.0030194	0.000803951	0.0182329	0.00343628	0.000298506	0.0536708	0.0207135	0.00254277	0.00568254	0.0242267	0.16364	0.00905928	0.0208178	0.105222	0.00946821	0.0849447	0.1849	0.00679149	0.0953674	0.0618766	0.0183062	0.0778499	0.0629219	0.205402	0.0179071	0.109988	0.295087	0.0749893	0.230409	1	0.183021	0	0	0	0	0	0	0	0	0	0	0
48.000	3.10291e+09	2.59579	0.264543	0.0037641	6.79238e-07	1440.24	0.321046	2.88734	3.95942	11109.7	2486.36	4924.57	48	0.00224345	0.0510747	0.0284793	0.0100214	0.0590149	0.00325781	0.0161296	0.0354887	0.0467639	0.228371	0.0433568	0.0399069	0.0435998	0.213122	0.0849222	0.169254	0.525821	0.0640558	0.125091	0.70206	0.765934	0.80869	0.204608	1	0.0913094	0.108442	0.138812	0.0169581	0.213457	0.0335435	0.262562	0.258089	0	0	0	0	0	0	0	0	0	0	0	0	0	0	0	0
49.000	3.10291e+09	2.59579	0.207366	0.0037641	3.52279e-08	1363.11	0.321046	2.79218	3.68894	37772.1	3760.15	3703.81	48	0.00601647	0.0580312	0.0774075	0.0154663	0.0275247	0.00982066	0.234011	0.275812	0.17242	0.00905137	0.0610789	0.0657727	0.331658	0.921882	0.00683485	0.412418	0.0760103	0.0321287	0.662124	0.137892	1	0.157831	0.280157	0.265576	0.0172067	0.32225	0.604879	0.330964	0.0741094	0.144357	0.784378	0.0479107	0.659284	0.194074	0.679773	0.401164	0	0	0	0	0	0	0	0	0	0	0	0
50.000	3.10291e+09	2.59579	0.207366	0.0037641	1.41921e-07	1162.99	0.321046	2.79218	3.68894	45261.5	4424.76	4636.1	48	0.00681542	0.0557088	0.0188567	0.00914305	0.0295818	0.009067	0.0899282	0.0784702	0.0331008	0.124461	0.0720766	0.0899641	0.0226112	0.022393	0.0129753	0.393099	0.172019	0.00598865	0.250275	0.0161764	0.414666	0.0559642	0.005724	0.292257	0.669472	0.0604438	0.270679	0.0538552	0.104601	1	0.18073	0.0931154	0.221109	0.304303	0	0	0	0	0	0	0	0	0	0	0	0	0	0
51.000	3.10291e+09	2.62677	0.207366	0.00463473	1.41921e-07	1042.57	0.509136	2.6448	3.56745	19616	6223.66	9761.5	48	0.00406461	0.00210571	0.0217912	0.00278367	0.0144405	0.0245026	0.0434528	0.00547583	0.0187182	0.00723892	0.0344855	0.00999168	0.000783412	0.0292334	0.0170756	0.0449674	0.236653	0.067294	0.0533147	0.134708	0.0296825	0.107786	0.230791	0.310393	1	0.128873	0.0881827	0.436322	0.154976	0.048043	0.226827	0.966537	0.0890579	0.0840761	0	0	0	0	0	0	0	0	0	0	0	0	0	0
52.000	1.12093e+09	2.59579	0.189555	0.00463473	3.19265e-08	814.904	0.433199	2.79218	3.68894	14430.1	3276.58	5270.32	48	0.0112213	0.00550431	0.0479511	0.0641454	0.063416	0.0719249	0.0674563	0.0164567	0.0276761	0.0164782	0.0231688	0.0957428	0.353008	0.122892	0.155577	0.0668872	0.264609	0.182035	0.0079631	0.104405	0.235876	0.225993	0.27009	0.211349	0.546387	0.149623	0.486967	0.18302	0.223872	0.354813	0.0273842	1	0.137246	0.158489	0.0486967	0	0	0	0	0	0	0	0	0	0	0	0	0
53.000	1.12093e+09	2.62677	0.189555	0.0036473	3.19265e-08	715.077	0.509136	2.6448	3.50774	17231.7	5751.31	9362.24	48	0.0201016	0.0347069	0.00605135	0.00457829	0.0362787	0.00559013	0.0835747	0.0312961	0.0744471	0.0157568	0.0500027	0.454558	0.0821229	0.0143115	0.136116	0.112929	0.152117	0.143645	0.346278	0.198078	0.630957	0.396255	0.649382	0.43401	0.122321	0.112202	0.125892	1	3.679e-05	0.125892	0.0865963	0.089125	0.000206885	0.000138271	2.60453e-05	0	0	0	0	0	0	0	0	0	0	0	0	0
54.000	1.12093e+09	2.62677	0.189555	0.0036473	1.41921e-07	814.904	0.601672	2.56625	3.10502	15790.6	6055.36	11531.3	48	0.00940795	0.0143834	0.0240336	0.0185997	0.00752873	0.023908	0.0429898	0.120486	0.153379	0.0510107	0.220367	0.748669	0.0938758	0.0161698	0.125304	0.117827	1	0.0528163	0.0712864	0.00635341	0.0337293	0.275745	0.0582783	0.0300612	0.275745	0.0424626	0.155063	0.030939	0.00712864	0.0357278	0.0300612	0.134279	5.5429e-05	9.57716e-05	0.000120569	7.39157e-05	0	0	0	0	0	0	0	0	0	0	0	0
55.000	3.754e+09	2.62677	0.189555	0.0036473	1.54779e-06	742.817	0.755596	2.48257	3.10502	9353.81	4446.59	9054.52	48	0.00737291	0.0297543	0.0192828	0.00284106	0.0174423	0.0498725	0.0541362	0.0541563	0.225089	0.0215969	0.0362573	0.15659	0.341249	0.00471955	0.0275596	0.159781	0.0581963	0.229657	0.0127561	0.0792074	0.0593907	0.205443	0.013323	0.569784	0.190793	0.107606	1	0.210194	0.137875	0.0581413	0.0423628	0.0533316	0.0581413	0.000220148	0	0	0	0	0	0	0	0	0	0	0	0	0	0
56.000	3.754e+09	2.51314	0.082875	0.0036473	1.54779e-06	814.904	0.755596	2.5595	3.40128	21798.3	4426.99	4446.1	48	0.00802322	0.00371643	0.00281821	0.0333185	0.00745737	0.0256501	0.0302021	0.0726219	0.0583772	0.467198	0.343315	0.360482	0.624759	0.0362966	0.167735	0.117042	0.0492893	0.00352706	0.0827746	0.0676688	0.117833	0.0910583	0.00901513	0.158693	0.20773	0.135309	0.136059	0.322229	1	0.452089	0.203682	0.293443	0	0	0	0	0	0	0	0	0	0	0	0	0	0	0	0
57.000	3.754e+09	2.51314	0.082875	0.0036473	1.54779e-06	816.881	0.755596	2.5595	3.40128	25208.7	14814.2	27907.4	48	0.00212981	0.00985627	0.00277266	0.00805382	0.0134099	0.00291977	0.0159908	0.0109838	0.0089903	0.000190074	0.00205412	0.0129017	0.0501002	0.0412722	0.0312809	0.00130079	0.00995111	0.0443098	0.000470531	0.0383709	0.0323204	0.0203192	0.16355	0.00543752	0.0578864	0.00198917	0.0309555	0.00291747	0.0728617	1	0.00188364	0.0546386	0.0158489	0.00230409	0.043401	0.00530883	0.0290068	0.021752	0.0515822	0.0515822	0	0	0	0	0	0	0	0
58.000	8.71039e+08	2.3292	0.082875	0.0033202	5.95866e-08	820.119	0.755596	2.5595	3.40128	4721.21	3174.41	5704.95	48	0.0328807	0.0280603	0.0794911	0.0306491	0.00815986	0.00146267	0.00678794	0.045536	0.15194	0.0180414	0.245772	0.195022	0.657128	0.645536	0.126338	0.0088745	0.0454068	0.214839	0.18649	0.0960781	0.277466	0.540158	0.340851	0.577769	0.516479	0.0351815	0.199733	0.528641	1	0.107959	0.607096	0.0394237	0.361624	0.241689	0.156949	0.228169	4.58656e-05	0	0	0	0	0	0	0	0	0	0	0
59.000	4.18258e+08	2.14888	0.0479902	0.00365205	4.32333e-08	1435.04	0.591709	2.1355	5.43442	2684.34	1905.88	1925.33	48	0.0603592	0.0919342	0.0985325	0.161739	0.143195	0.0214162	0.0550725	0.0818767	0.0366416	0.16474	0.196428	0.106031	0.489638	0.23777	0.0189072	0.551701	0.577625	0.0708697	0.055652	0.203931	0.0151486	0.15346	0.276818	0.075895	0.0227885	0.618545	0.376856	0.0272702	0.039645	0.175473	1	0.257667	0.293108	0.900592	0.24662	0.426116	0.293108	0	0	0	0	0	0	0	0	0	0	0
60.000	4.18258e+08	2.14888	0.035743	0.00365205	4.32333e-08	1435.04	0.548187	2.5595	5.43442	2836.48	1932.35	2838.65	48	0.095111	0.0695962	0.0756266	0.0207199	0.0359453	0.0726868	0.0125535	0.00406327	0.0203492	0.0861634	0.00544468	0.214688	0.0223287	0.639605	0.0143516	0.49387	0.0406925	0.500008	0.219046	0.0259727	0.657211	0.2929	0.114595	0.0335439	0.486078	0.128217	0.383244	0.385246	0.298538	0.193865	1	0.000123234	0.515822	0.0192491	0.000463159	0	0	0	0	0	0	0	0	0	0	0	0	0
61.000	8.71039e+08	2.3292	0.0479902	0.00392815	5.95866e-08	1435.04	0.467758	2.1355	5.43442	4567.35	2982.85	1890.49	48	0.00033624	0.00231776	0.114448	0.235467	0.0232023	0.269	0.0410273	0.0921688	0.16454	0.0195456	0.24093	0.68467	0.059129	0.210293	0.627583	1	0.516691	0.0427625	0.491705	0.78759	0.088369	0.607855	0.607855	0.108094	0.171317	0.263815	0.482837	0.00032511	0.0782006	0.000158318	0.455827	0	0	0	0	0	0	0	0	0	0	0	0	0	0	0	0	0
62.000	2.01021e+09	2.46045	0.0537418	0.00481775	1.40524e-06	1435.04	0.500984	2.1355	4.38374	22454.9	4783.33	2931.26	48	0.0184651	0.083501	0.106191	0.0976196	0.0410646	0.461882	1	0.432385	0.308808	0.424689	0.577845	0.0653863	0.0547163	0.0198541	0.345554	0.19928	0.0161452	0.896983	0.801985	0.0338053	0.714472	0.0636773	0.134581	0.0801651	7.84721e-05	0.00128916	5.09583e-05	0.003961	9.59876e-05	0.347925	0.301291	0.00021489	0.368541	6.99383e-05	0	0	0	0	0	0	0	0	0	0	0	0	0	0
63.000	4.52337e+09	2.48588	0.0537418	0.00522072	1.93864e-06	991.686	0.548187	2.64571	4.38374	7434.82	3298.37	5765.8	48	0.00016157	0.00960974	0.095111	0.0397589	0.032043	0.104623	0.114419	0.105459	0.148284	0.269012	0.0526966	0.447859	0.41379	0.643213	0.639233	0.972261	0.630073	0.108196	0.0166506	0.132433	0.0957946	0.023431	0.176921	0.613179	0.0374547	0.0780636	0.259219	0.112445	1	0.446684	0.0362585	0.0111406	0.0249408	0.0373173	0.0148563	0.630957	0.000292233	0.000550465	0	0	0	0	0	0	0	0	0	0
64.000	4.52337e+09	2.531	2.58991	0.00522072	1.93864e-06	991.686	0.548187	3.00106	4.38374	5254.48	1601.87	2746.83	48	0.0632544	0.00864219	0.0133296	0.342034	0.290901	0.236815	0.581874	0.473843	1	0.636812	0.37588	0.200331	0.183599	0.140601	0.0136739	0.138266	0.179874	0.0491311	0.0362665	0.031439	0.154047	0.00513375	0.0455159	0.113033	0.0137105	0.0586103	0.0830909	0.863684	0.113732	0.094105	0	0	0	0	0	0	0	0	0	0	0	0	0	0	0	0	0	0
65.000	4.52337e+09	2.48591	2.58991	0.00538044	1.68817e-06	1039.34	0.532049	3.07428	3.87425	2046.79	871.982	1670.14	48	0.367575	0.017499	0.101643	0.254011	0.284508	0.0582406	0.258103	0.397838	0.0457643	0.0511013	0.172978	0.106029	0.0767187	0.98074	0.16106	0.122544	0.821307	0.344778	0.305979	0.0833568	1	0.538919	0.149998	0.0430313	0.14045	0.0849601	0.118391	0.0481949	0.0454334	0.239646	0.069882	0.0717982	0.099302	0.10833	0.18337	0.273109	0	0	0	0	0	0	0	0	0	0	0	0
66.000	3.81144e+09	2.48588	0.358147	0.0065879	1.40524e-06	1039.34	0.532049	3.34369	4.38374	2375.35	911.885	2228.46	48	0.109605	0.357382	0.417593	0.673723	1	0.147938	0.77056	0.0444643	0.00321202	0.0798638	0.0582811	0.168054	0.245053	0.183872	0.184684	0.0369297	0.104496	0.00995218	0.217186	0.15896	0.0445887	0.0839344	0.412239	0.0824392	0.0419361	0.132574	0.64173	0.0997926	0.344032	0.815828	0.334271	0.324787	0	0	0	0	0	0	0	0	0	0	0	0	0	0	0	0
67.000	3.81144e+09	2.48588	0.358147	0.00662377	1.09427e-07	834.544	0.575029	3.07428	3.87425	8250.85	3341.26	6324	48	0.0596358	0.00332602	0.0167943	0.0266972	0.0306364	0.0137407	0.0180147	0.0137579	0.0111167	0.056099	0.00976991	0.101487	0.0679957	0.216547	0.0832628	0.0110807	0.0759329	0.372975	0.0538393	0.020093	0.695734	0.513816	0.0770144	1	0.457662	0.724063	0.15303	0.0295073	0.0922123	0.0733852	0.17863	0.0970364	0.0431296	0.14447	0.136388	0	0	0	0	0	0	0	0	0	0	0	0	0
68.000	3.81144e+09	2.22465	0.358147	0.00662377	1.09427e-07	1039.34	0.532049	3.34882	5.59168	904.296	482.946	962.358	48	0.000657546	0.0137303	0.0147599	0.220604	0.445096	0.221796	0.0037496	0.0111276	0.0317582	0.0504806	0.175067	0.0117688	0.0229793	0.0150502	1	0.0638819	0.402149	0.0349684	0.152573	0.0946301	0.0235459	0.0658423	0.0903538	0.0894677	0.0991006	0.0919425	0.0909366	0.354274	0.159204	0.211922	0.215759	0	0	0	0	0	0	0	0	0	0	0	0	0	0	0	0	0
69.000	6.86646e+09	2.22465	0.358147	0.00662377	7.85047e-07	856.767	0.36863	3.07428	3.87425	8010.5	1447.48	1857.86	48	0.00201629	0.00150922	0.0189413	0.176629	0.0341056	0.435518	0.089639	0.145571	1	0.0561431	0.816174	0.592366	0.145582	0.00733538	0.024026	0.00455194	0.237275	0.0769236	0.025186	0.0934844	0.192926	0.0725343	0.129401	0.0592322	0.0376765	0.0925666	0.0445054	0.048406	0.0832691	0.0235802	0	0	0	0	0	0	0	0	0	0	0	0	0	0	0	0	0	0
70.000	1.60985e+09	2.21601	0.241715	0.00411033	1.92082e-07	856.767	0.36863	2.58452	3.73777	9057.75	3234.62	6132.77	48	0.000936496	0.000415633	0.0422475	0.00357737	0.0427016	0.0848532	0.0598295	0.0504046	0.00130377	0.00547028	0.0712965	0.0195547	0.00110119	0.000880992	0.012015	0.00720554	0.0415862	0.00704844	0.151555	0.0631867	0.0112019	0.0151843	0.270065	0.0716355	0.0535665	1	0.427858	0.225417	0.389642	0.0384987	0.127754	0.0317118	0.164498	0.089754	0.0923749	0.476491	0.0367751	0.123184	0.159608	0.26795	0	0	0	0	0	0	0	0
71.000	3.12213e+09	2.22465	0.747942	0.00411033	7.85047e-07	936.84	0.529809	1.96132	3.73777	1821.88	1346.4	3298.04	48	0.00103973	1	0.0896454	0.00356121	0.310503	0.0864944	0.43688	0.0732656	0.113957	0.108514	0.0108178	0.140644	0.0102743	0.0419294	0.365237	0.169227	0.0738561	0.572608	0.275722	0.357635	0.0789468	0.0338188	0.094559	0.572038	0.128148	0.153648	0.259304	0.359895	0	0	0	0	0	0	0	0	0	0	0	0	0	0	0	0	0	0	0	0
72.000	6.86646e+09	2.45373	0.902673	0.00411033	1.38602e-06	1109.02	0.529809	1.96132	3.73777	2842.42	2229.55	3432.76	48	0.000911288	0.000195166	0.230594	0.0546864	0.0510755	0.00883127	0.0384189	0.00665239	0.0864879	0.535652	0.223531	0.134269	0.960004	0.372373	0.419558	0.0365377	0.510204	0.159226	0.0146378	0.0820113	0.399488	1	0.179895	0.123024	0.179467	0.431139	0	0	0	0	0	0	0	0	0	0	0	0	0	0	0	0	0	0	0	0	0	0
73.000	3.12213e+09	2.45373	0.747942	0.00406015	1.38602e-06	1109.02	0.636289	1.96132	3.73777	587.142	686.4	1371.96	48	0.0631671	0.0762662	0.145308	0.748577	0.334029	0.541956	0.0144905	0.00853283	0.224199	0.333616	0.0528351	0.0196687	0.0501135	0.0465636	0.0210247	0.1586	0.231692	0.140426	0.19459	0.146791	0.03442	0.244828	0.0284211	0.198333	0.125106	1	0.948251	0.143572	0.549028	0.488407	0.00298013	0	0	0	0	0	0	0	0	0	0	0	0	0	0	0	0	0
74.000	5.98206e+08	2.21601	0.127785	0.0061411	1.92082e-07	1109.02	0.654473	1.76548	3.84422	5867.92	4330.13	3431.01	48	0.000511266	0.00509431	0.0479329	0.170356	0.812194	0.401863	1	0.466423	0.126421	0.0297783	0.248436	0.0752236	0.27417	0.0757141	0.0043748	0.00482297	0.00594184	0.129918	0.232794	0.0334601	0.336951	0.543499	0.95772	0.646799	0.471269	0.385274	0.204536	0.000731138	0	0	0	0	0	0	0	0	0	0	0	0	0	0	0	0	0	0	0	0
75.000	1.52906e+09	2.61769	0.127785	0.0061411	1.01727e-07	1109.02	0.672656	1.34268	6.27204	25337.4	19791.1	6653.76	48	5.73225e-05	0.000128229	0.000116376	0.000239778	0.00337658	0.00300718	0.00473324	0.0626156	0.116443	0.0444955	0.0108637	0.0321339	0.0643566	0.0296631	0.0886598	0.122527	0.281838	0.273842	1	0.199526	0.307255	0.000357462	0	0	0	0	0	0	0	0	0	0	0	0	0	0	0	0	0	0	0	0	0	0	0	0	0	0
76.000	1.52906e+09	2.58288	0.127785	0.00459977	1.01727e-07	1246.21	0.672656	1.34268	6.27204	92771.3	51263.9	7414.27	48	4.53229e-05	3.60326e-05	0.000357642	0.00250913	0.0039306	0.00716477	0.0476299	0.0126536	0.0511614	0.193101	1	0.976437	0.131493	0.0179029	0.100205	0.026103	0.00346833	0.0804843	0.247293	0.0493414	0.320414	0.34931	0.098449	0.415156	0.104282	0.000108129	0	0	0	0	0	0	0	0	0	0	0	0	0	0	0	0	0	0	0	0	0	0
77.000	1.52906e+09	2.35938	0.127785	0.00403772	1.01727e-07	1246.21	0.672656	1.81047	6.27204	3119.88	4038.12	3140.98	48	0.169264	0.145327	0.990683	0.103119	1	0.0418206	0.0341555	0	0	0	0	0	0	0	0	0	0	0	0	0	0	0	0	0	0	0	0	0	0	0	0	0	0	0	0	0	0	0	0	0	0	0	0	0	0	0	0	0
78.000	1.52906e+09	2.35938	0.0307482	0.00403772	1.01727e-07	1246.21	0.672656	1.81047	6.27204	7103.24	6843.97	5478.22	48	0.000172159	0.00106012	9.71155e-05	0.000573988	0.00277123	0.0138157	0.0257919	0.0571108	0.134658	0.0329028	0.0378506	0.0392075	0.00691747	0.0925751	0.0768076	0.125329	0.523947	0.099519	0.0983667	1	0.667212	0.946237	0.474242	0.000402003	0.307964	0.000319323	0.000328647	0.000253647	0	0	0	0	0	0	0	0	0	0	0	0	0	0	0	0	0	0	0	0
79.000	5.28037e+09	2.35938	0.197681	0.0027375	7.40285e-07	1246.21	0.665999	1.93488	6.3157	3519.59	2765.79	2173.05	48	0.00185859	0.00278796	0.000424474	0.00832258	0.0954008	0.0455717	0.0544615	0.230922	0.0119162	0.00169638	0.0154274	0.00900788	0.00498943	0.0430678	0.164285	0.00204337	0.00280811	0.126766	0.11994	0.00824523	0.0139471	0.0989816	0.039926	0.0885795	0.00397953	0.0717826	0.339033	0.0458976	0.0660192	0.0432304	0.0540494	0.135158	0.0880938	0.307124	0.69192	0.224349	0.0334459	0.201139	1	0.14779	0	0	0	0	0	0	0	0
80.000	6.21499e+09	2.26953	0.197681	0.00403772	7.40285e-07	1141.96	0.665999	1.94186	3.99367	3127.96	2011.69	2977.61	48	0.00276182	0.00511004	0.0113668	0.0155302	0.459843	0.833996	0.506532	0.969635	0.631824	0.523591	0.438233	1	0.02489	0.0329153	0.00170885	0.0372558	0.00238659	0.00154879	0.00798007	0.0164782	0.0759397	0.0127653	0.020952	0.00766254	0.000716554	0.00892382	0.00446267	0.0159806	0.00342137	0.00879711	0.0831502	0.0355793	0.0519745	0.0920123	0	0	0	0	0	0	0	0	0	0	0	0	0	0
81.000	8.02672e+09	1.83324	0.160051	0.00283223	7.40285e-07	567.599	0.780832	2.84702	3.99367	1100.92	968.714	1899.66	48	0.00274259	0.0302155	0.404572	0.646343	0.298299	1	0.196164	0.11803	0.0883498	0.129783	0.00211332	0.0145594	0.028584	0.00776815	0.00447341	0.0410449	0.10932	0.106296	0.299834	0.0126139	0.00502073	0.0369325	0.0217017	0.00594922	0.00548287	0.00672632	0.0338891	0.0160076	0.0140972	0	0	0	0	0	0	0	0	0	0	0	0	0	0	0	0	0	0	0
82.000	6.21499e+09	1.50186	0.160051	0.00283223	1.683e-07	567.599	0.834478	2.84702	5.54946	983.255	170.907	101.702	48	0.00190774	0.00483135	0.0356104	0.0578474	0.065559	0.573235	0.0500421	1	0.579198	0.0315342	0.00533335	0.00594517	0.023273	0.144931	0.119291	0.0212846	0.270044	0.00469574	0.0559137	0.0528043	0.0205208	0.0122875	0.0849856	0.0127638	0.0538907	0.0104763	0.0281942	0.00434586	0	0	0	0	0	0	0	0	0	0	0	0	0	0	0	0	0	0	0	0
83.000	6.21499e+09	1.5	0.160051	0.00360647	7.40285e-07	525.788	0.835977	2.84702	5.54946	370.411	94.7437	56.6714	48	0.000495144	0.0132388	0.0160015	0.0580562	0.10428	0.198498	0.143551	0.556608	1	0.795298	0.0656682	0.624951	0.290068	0.0772538	0.0029839	0.00882747	0.00614891	0.0528351	0.153486	0.00790236	0.0308231	0.010345	0.0164117	0.0201553	0.0152401	0.0136569	0.0104988	0.0099735	0	0	0	0	0	0	0	0	0	0	0	0	0	0	0	0	0	0	0	0
84.000	8.52212e+08	1.5	0.0336217	0.00421315	1.683e-07	525.788	0.835977	3.09324	5.54946	2608.14	1393.63	1267.69	48	0.00166541	0.00154246	0.00541182	0.0250171	0.310629	0.241678	1	0.224001	0.399244	0.10241	0.0751535	0.0490956	0.0296485	0.0251261	0.0231449	0.141656	0.0300206	0.148792	0.0637308	0.0029995	0.00776729	0.0123462	0.193852	0.00449459	0.188756	0.211959	0.00741665	0.0512692	0.012262	0.0198062	0	0	0	0	0	0	0	0	0	0	0	0	0	0	0	0	0	0
86.000	8.52212e+08	1.51931	0.0462359	0.00421315	1.5643e-05	1080	0.834478	3.09324	5.92316	4834.28	3079.51	1300.44	48	0.000120147	0.000503498	0.00209735	0.00515984	0.134625	0.132049	0.188706	0.138793	0.0913587	0.0876043	0.0806694	1	0.451937	0.0917898	0.0837587	0.891392	0.714329	0.53398	0.324251	0.0539845	0.0633449	0.0441265	0.0368903	0.0579357	0.0382251	0.00332321	0.012858	0.00660789	0	0	0	0	0	0	0	0	0	0	0	0	0	0	0	0	0	0	0	0
85.000	8.52212e+08	1.5	0.0336217	0.00404728	2.64966e-05	525.788	0.835977	5.14773	5.92316	2220.84	312.864	625.887	48	0.00242604	0.00299846	0.00298166	0.0172772	0.00190016	0.0184711	0.0650712	0.167131	0.336864	0.880992	0.869821	0.823548	0.208571	1	0.0488162	0.0224742	0.192553	0.32623	0.277013	0.173384	0.0174436	0.0113569	0.00551332	0.00301871	0.065825	0.0044924	0.0289995	0.00972898	0.00492656	0.0944319	0.0137717	0.0379392	0.060403	0.00937771	0.0198417	0.0261929	0	0	0	0	0	0	0	0	0	0	0	0
87.000	8.52212e+08	1.52292	0.0462359	0.00404728	1.5643e-05	1080	0.787497	5.14773	5.92316	3431.9	1023.77	1635.22	48	0.00251322	0.000200397	0.00803479	0.0810641	0.0452551	0.0278233	0.0488432	0.0521179	0.539742	0.274717	0.493703	0.340465	1	0.216747	0.00368654	0.0391014	0.111074	0.00253928	0.0233741	0.0590979	0.0345401	0.0536629	0.0170294	0.0143969	0.00475158	0.00183364	0.00782468	0.0122253	0.0378337	0.0205019	0.00504602	0.00440438	0.0279358	0.00699437	0.0156622	0	0	0	0	0	0	0	0	0	0	0	0	0
88.000	9.07631e+08	1.52292	0.07998	0.00421315	1.26131e-07	1080	0.715578	5.14773	5.14773	994.061	463.575	1901.16	48	0.00455158	0.000354979	0.00403683	0.00021557	0.00877849	0.000704298	0.0669075	0.0695765	0.0208268	0.0215754	0.0689057	1	0.126026	0.981119	0.0220903	0.0571087	0.127835	0.00854987	0.131092	0.0341537	0.112657	0.0828206	0.0833416	0.00167013	0.00364323	0.0182227	0.0259102	0.0275235	0.0272724	0.00402385	0.010384	0.0312469	0.0234617	0.00287676	0	0	0	0	0	0	0	0	0	0	0	0	0	0
89.000	5.50465e+09	1.55974	0.323385	0.00433538	3.20323e-06	1248.68	0.643065	5.14773	5.14773	3063.69	96.6094	177.559	48	0.000159113	0.000268129	0.00515673	0.00048916	0.00625157	0.00492529	0.00521754	0.159997	0.00862224	0.137002	0.0997886	0.0145222	0.0065526	0.0381818	0.0144436	0.0933745	0.0838202	0.0993694	0.801936	0.721221	0.192047	0.406524	1	0.00254849	0.00934824	0.0455846	0.00812229	0.0150685	0.0246022	0.0350906	0.00340699	0.0786266	0.00432222	0.0148063	0.0016158	0.0049761	0.0420742	0.0518483	0.337873	0.0103534	0.0677463	0.0291018	0	0	0	0	0	0
90.000	5.50465e+09	1.76881	1.31867	0.00433538	1.26131e-07	1308.9	0.522695	6.19133	6.19133	16827.8	137.166	268.375	48	0.000295501	0.00174331	0.000244003	0.00276721	0.00395745	0.00471386	0.00448701	0.024007	0.108565	0.0129416	0.0822677	0.0604971	0.00495708	0.0556649	0.00706943	0.0145326	0.00275093	0.0227008	0.0117333	0.0175989	0.294171	1	0.95391	0.240683	0.854958	0.862081	0.154552	0.115618	0.0147848	0.0767874	0.031728	0.0683951	0.051581	0.0139603	0.00442075	0.00468913	0.0484154	0.032542	0.0188995	0	0	0	0	0	0	0	0	0
91.000	8.42799e+09	1.84086	1.31867	0.00408079	1.26131e-07	1308.9	0.476628	6.19133	6.19133	17359.5	178.999	333.443	48	0.00254643	0.00167979	0.000789615	0.00716653	0.000925921	0.000360239	0.0069259	0.0152881	0.0238575	0.00124065	0.0341256	0.0526794	0.0234432	0.0663371	0.0370266	0.0480905	0.0972662	0.0413833	0.0255015	0.0224804	0.0113762	0.00640651	0.0172076	0.103045	0.0261014	0.00619347	0.0817678	1	0.127195	0.737913	0.507353	0.0855687	0.0349762	0.0227438	0.0208427	0.0175588	0.021417	0.0116945	0.00957069	0.0278604	0.0572392	0.171677	0.0664961	0	0	0	0	0
92.000	8.42799e+09	1.84086	3.05504	0.00433538	1.56722e-06	1308.9	0.476628	6.19133	6.19133	19544	110.97	223.439	48	0.000305308	0.00105871	0.000633693	0.00230394	0.000384417	0.00709002	0.0106761	0.00854096	0.00274924	0.00582189	0.03022	0.0130274	0.0333179	0.023448	0.00472001	0.0106227	0.0202645	0.00279534	0.00611182	0.0109251	0.0759444	0.0324247	1	0.895032	0.356878	0.057704	0.0188797	0.0284851	0.0262184	0.0162721	0.031778	0.00826831	0.00241027	0.00664948	0.0017798	0.00369875	0.00627152	0.0179765	0.00811541	0	0	0	0	0	0	0	0	0
93.000	9.90675e+09	1.86627	3.06977	0.00433538	2.56168e-06	1308.9	0.476628	2.5391	4.99708	14728.5	824.042	362.79	48	0.00043539	0.000574083	0.00272727	0.00168201	0.00123298	0.00296937	0.00934771	0.0148141	0.00998372	0.0035297	0.0515986	0.00509512	0.0274234	0.0161449	0.0762242	0.00446972	0.121176	0.0250765	0.0336427	0.00162729	0.0168133	0.0033397	0.0381118	0.00663421	0.0354857	0.0418762	0.271121	0.0993112	1	0.123209	0.661606	0.0241836	0.0362953	0.00342208	0.0129976	0.00331128	0.00629598	0.00321541	0.0234738	0.00672191	0.028067	0.0257858	0	0	0	0	0	0
94.000	1.47614e+10	2.17855	3.59288	0.00408079	1.56722e-06	1100.14	0.32919	2.5391	6.21123	28155.6	4129.8	1621.82	48	0.000122166	0.000238661	0.00215773	0.00312204	0.00109749	0.0025662	0.00427135	0.00171114	0.0722303	0.0228444	0.00480232	0.0203508	0.0350143	0.00495048	0.108068	0.00959554	0.00104309	0.0323287	0.0631071	0.00142095	0.00679825	0.0905355	0.00257068	0.0132576	0.0199024	0.0905892	0.0264068	0.0693654	0.00955823	0.00311362	0.0131418	0.117917	1	0.604371	0.00815008	0.160368	0.016475	0.0289011	0.0164756	0.036737	0.0319113	0.0347214	0.270198	0.0093482	0	0	0	0
96.000	1.47614e+10	1.86627	3.59288	0.00607784	1.56722e-06	1098.7	0.32919	1.42992	6.21123	7967.77	8782.04	88.0236	48	7.50355e-05	0.000720533	0.000155251	0.00330692	0.000602266	0.00127816	0.00834231	0.0204809	0.159956	0.0104206	0.159414	0.00735678	0.041427	0.00336917	0.184305	0.187013	0.0280841	0.0343305	0.0579994	0.00231602	0.0564592	0.00922839	0.0437333	0.14948	0.068916	0.00503064	0.0251675	0.00759105	0.0165267	0.0516754	0.00948958	0.0691986	0.0159173	0.0462699	0.00673205	0.141592	0.493499	0.405899	1	0.0657701	0.04968	0.0817138	0.0158504	0	0	0	0	0
98.000	4.53135e+09	1.76742	3.59288	0.00527264	8.36078e-07	1100.14	0.364513	1.71993	8.11539	10992.9	3106.41	89.4818	48	0.00450679	0.000640933	0.00232941	0.0312139	0.0196548	0.023821	0.00439247	0.00637623	0.124397	0.0205214	0.00168564	0.0336769	0.00168973	0.0345753	0.00979452	0.0103944	0.00142501	0.0254114	0.005688	0.00492762	0.028783	0.0330069	0.00689696	0.0130632	0.00319966	0.143631	0.0372698	0.0172654	0.0252657	0.76578	0.111298	1	0.399518	0.275348	0.333277	0.0266027	0.0405051	0.00266452	0.00426072	0.0189347	0.00285852	0.030352	0.00747973	0	0	0	0	0
95.000	1.47614e+10	1.86627	3.59288	0.00527264	2.31599e-06	1100.14	0.476628	2.50905	4.99708	9077.62	516.103	154.469	48	0.00195115	0.00710963	0.00438736	0.00169372	0.000530456	0.00764021	0.00444426	0.0118962	0.0100739	0.00290547	0.00346468	0.0116548	0.0275674	0.160077	0.0324657	0.016765	0.00918886	0.00632642	0.198126	0.27192	0.0867839	0.0146275	0.0145666	0.0188953	0.0613019	0.0356552	0.0154699	0.013031	0.150822	0.00390367	0.0397253	0.0865962	0.0670684	0.17536	0.682078	0.0405895	1	0.308814	0.021067	0.0161255	0.0742773	0.0236552	0.0376819	0.0730773	0	0	0	0
99.000	4.53135e+09	1.76742	2.88917	0.00536389	8.36078e-07	1070.68	0.544846	1.56555	4.4984	3603.01	6711.03	391.692	48	0.00311377	0.000512209	0.00420393	0.00424646	0.00141092	0.00863214	0.00169941	0.00454154	0.00627918	0.117155	0.0454787	0.0572645	0.135073	0.0287462	0.00345027	0.00715126	0.0442128	0.102248	0.0577225	0.118588	0.00423185	0.0616916	0.0268996	0.0535567	0.0505753	0.00637186	0.0189704	0.0219472	0.0134881	0.270321	0.0236905	0.0127153	0.21668	0.0346269	0.234932	0.44394	1	0.398757	0.225962	0.603206	0.371202	0.0150999	0.0928482	0.0636375	0	0	0	0
97.000	1.47614e+10	1.86627	3.59288	0.00527264	8.36078e-07	1100.14	0.364513	2.11804	8.11539	16266	863.175	46.4221	48	0.00370515	0.00409247	0.000362569	0.00968659	0.0142856	0.00169986	0.000525381	0.00727663	0.00871025	0.00779629	0.137286	0.0393631	0.00961811	0.204178	0.0234132	0.188008	0.0161664	0.0940129	0.0850693	0.00469755	0.0511358	0.0222665	0.00575751	0.0941085	0.0145363	0.0712628	0.0117949	0.0665898	0.0215479	0.0652735	0.0618088	0.280845	0.0707359	0.850212	0.832558	0.186543	1	0.069816	0.11657	0.0339617	0.0249504	0.0628764	0.0768135	0.0291529	0	0	0	0
101.000	1.10511e+10	1.77907	1.51186	0.00536389	5.99128e-06	1242.38	0.612432	1.94974	6.20718	1421.38	781.897	71.7486	48	0.0537838	0.241646	0.0166686	0.271683	0.111898	0.207806	0.627659	0.0685049	0.134569	0.0766006	0.268484	0.143174	0.00640583	0.0995011	0.0118609	0.342649	0.167892	0.213695	0.159192	0.00655886	0.201928	0.129127	0.0139265	0.067917	0.101339	0.00983896	0.0829338	0.0318923	0.035856	0.0143199	0.303357	0.0231908	0.253426	0.104004	0.143076	0.238057	0.103525	0.927227	1	0.945508	0.570195	0.606561	0.470343	0.0437045	0.0654511	0.428147	0	0
102.000	1.10511e+10	1.77907	1.51186	0.00536389	5.99128e-06	1242.38	0.612432	1.94974	6.20718	1959.33	1220.94	115.115	48	0.00324434	0.00130355	0.020933	0.0414513	0.0393279	0.0161289	0.0961444	0.132535	0.0265644	0.00693683	0.0314663	0.0333874	0.0724644	0.0078378	0.0649073	0.266558	0.247525	0.705378	0.0244056	0.0285601	0.0611551	0.134688	0.126063	0.0365297	0.0936589	0.04199	0.122244	0.0269524	0.0842826	0.0473983	0.0249271	0.0304346	0.0116988	0.0191215	0.013151	0.111243	0.0929124	0.0381275	0.0524266	0.0872047	0.037922	0.538025	1	0.894853	0.200444	0.269756	0.172243	0.156782
103.000	1.10511e+10	1.77907	1.33926	0.00536389	3.6726e-06	1260.25	0.58005	2.34967	9.51803	1966	968.539	47.6302	48	0.00564232	0.00226697	0.0624211	0.0592265	0.0242875	0.140614	0.0727161	0.0435828	0.0101437	0.0460128	0.0488217	0.105962	0.00573885	0.0114601	0.006534	0.0387539	0.261541	0.294867	0.815925	0.00459334	0.00376241	0.00921153	0.0109593	0.0695698	0.0294366	0.00342642	0.114239	0.0256071	0.0108132	0.0699286	0.0351781	0.00456391	0.0170902	0.0279333	0.0107269	0.312238	0.0704758	1	0.846812	0.123528	0	0	0	0	0	0	0	0
100.000	4.53135e+09	1.75348	2.88917	0.00558932	8.36078e-07	1070.68	0.58005	1.89749	6.20718	5713.9	3074.61	243.784	48	0.0950829	0.0330409	0.232292	0.0135449	0.00605679	0.117899	0.00257101	0.030665	0.0136169	0.0325068	0.0230379	0.0184399	0.00137081	0.00108988	0.0632793	0.0103266	0.0112508	0.008893	0.00562192	0.00962103	0.0767384	0.00434295	0.0753495	0.0437006	0.0111339	0.133375	0.0338402	0.809977	0.187461	0.0791112	1	0.0828947	0.0050977	0.00372793	0	0	0	0	0	0	0	0	0	0	0	0	0	0
104.000	2.3194e+09	1.77907	1.51186	0.00558932	3.6726e-06	1260.25	0.344954	2.32613	15.6858	4456.2	3172.62	61.3485	48	0.0156694	0.00105243	0.0252342	0.0697254	0.128547	0.0576018	0.184611	0.0104137	0.00493095	0.00852799	0.0348909	0.0204472	0.0153842	0.0116014	0.154851	0.0451474	0.00464821	0.0186489	0.135203	0.00640563	0.0330975	0.0781462	0.0330696	0.0270757	0.0426554	0.0825889	0.0154989	0.0926693	0.136461	0.0815851	0.0153953	0.0318196	0.64464	0.577665	1	0.503541	0.479597	0.0488625	0	0	0	0	0	0	0	0	0	0
105.000	2.3194e+09	1.77907	1.77284	0.00909505	5.58038e-07	1242.38	0.337364	2.3004	15.6858	2953.66	1620.37	38.3279	48	0.0167901	0.00112782	0.0270415	0.0696104	0.124802	0.0559239	0.180534	0.0101963	0.00482927	0.00835462	0.0345011	0.0202182	0.0152119	0.0114714	0.153108	0.0446392	0.00459573	0.0184382	0.133671	0.00633246	0.0327195	0.0772495	0.0326876	0.0267626	0.0421406	0.0815796	0.0153047	0.0915093	0.134665	0.0816309	0.0154034	0.0318346	0.644709	0.577669	1	0.503505	0.479558	0.0488295	0	0	0	0	0	0	0	0	0	0
106.000	1.33545e+09	1.5	1.77284	0.013438	5.4257e-07	1260.25	0.241496	1.94629	15.6858	2827.25	635.821	7.35233	48	0.0180021	0.00120917	0.0289961	0.0695363	0.121466	0.0544837	0.178632	0.0100883	0.00477808	0.00826607	0.0341321	0.0200014	0.0150487	0.0113483	0.151457	0.0441576	0.00454598	0.0182384	0.132217	0.00626297	0.0323605	0.0763971	0.0323242	0.0264648	0.0416474	0.080611	0.0151177	0.0903923	0.134736	0.0816827	0.0154124	0.0318515	0.644785	0.577673	1	0.503466	0.479512	0.0487924	0	0	0	0	0	0	0	0	0	0
107.000	1.09607e+09	1.5	0.988087	0.0317076	5.5025e-07	1323.27	0.212758	1.33492	8.37581	1484.45	516.215	72.1405	48	0.0193145	0.00129726	0.0311102	0.0695061	0.120263	0.0539439	0.176845	0.00998669	0.00472995	0.00818279	0.0337846	0.0197972	0.0148949	0.0112323	0.149899	0.0437033	0.00449903	0.0180499	0.130845	0.00619726	0.0320211	0.0755898	0.0319797	0.0261824	0.0411763	0.079683	0.014938	0.0893182	0.135029	0.0817411	0.0154227	0.0318707	0.64487	0.577679	1	0.503422	0.479459	0.0487506	0	0	0	0	0	0	0	0	0	0
108.000	1.33545e+09	1.5	1.77284	0.0748154	5.4257e-07	1122.73	0.241496	1.03927	4.47247	603.24	509.265	0.421242	48	0.0206342	0.00138582	0.0332387	0.0691957	0.118796	0.0532865	0.174718	0.00986595	0.00467275	0.0080839	0.0333797	0.0195603	0.0147168	0.0110982	0.148118	0.0431846	0.00444547	0.0178354	0.129297	0.00612405	0.0316431	0.0747085	0.0316047	0.0258754	0.0406967	0.078756	0.0148827	0.0890687	0.135376	0.0818219	0.0154372	0.0318977	0.644979	0.577691	1	0.503365	0.479363	0.0486871	0	0	0	0	0	0	0	0	0	0
