22	3.94169e+08 2.3577 0.0620126 0.00224781 2.75246e-07 921.01 0.487398 1.70878 4.18691
23	5.93012e+08 2.42995 0.0149416 0.00341645 3.84111e-08 663.874 0.516461 2.00339 5.387
24	8.92165e+08 2.5022 0.0248341 0.00283791 1.11844e-08 597.952 0.487398 1.81654 5.01099
25	4.90784e+09 2.59086 0.0620126 0.00283791 2.75246e-07 597.952 0.39789 1.81654 5.01099
26	4.90784e+09 2.68435 0.0248341 0.00283791 2.75246e-07 597.952 0.547257 2.6244 6.93107
27	4.90784e+09 2.68435 0.00146369 0.00283791 2.76752e-07 597.952 0.547257 2.6244 8.50311
28	4.90784e+09 2.68435 0.0248341 0.00283791 4.17788e-07 792.751 0.39789 2.62151 8.50311
29	1.96838e+10 2.46079 1.83147 0.00392194 1.1033e-06 1244.94 0.37531 2.62151 8.50311
30	1.96838e+10 2.46079 1.83147 0.00392194 1.58995e-06 1244.94 0.237069 2.62151 13.1363
31	6.41451e+09 2.46079 4.41998 0.00166495 1.58995e-06 1244.94 0.0956558 2.62151 13.1363
32	6.41451e+09 2.71044 4.41998 0.00166495 1.1033e-06 792.751 0.0724528 5.15463 13.1363
33	6.41451e+09 2.71044 26.2622 0.00166495 1.67577e-07 1244.94 0.0713835 5.15463 13.1363
34	1.65028e+09 2.71044 26.2622 0.00113117 8.895e-09 918.655 0.0724528 5.15463 13.1363
35	1.65028e+09 2.71044 2.08885 0.00166495 8.895e-09 1167.2 0.0713835 3.65967 10.0526
36	9.81225e+08 2.23128 0.0336562 0.00297318 1.75419e-08 918.655 0.0724528 2.68765 6.47244
37	5.90488e+08 2.18049 0.0336562 0.00371557 6.87821e-08 1167.2 0.091028 2.40072 6.27807
38	3.09431e+08 2.18049 0.0304798 0.00297318 1.75419e-08 918.655 0.631126 2.68765 6.27807
39	5.90488e+08 2.65173 0.0304798 0.00371557 6.87821e-08 940.158 0.631126 2.68765 6.16766
40	5.90488e+08 2.65173 0.0304798 0.00371557 6.87821e-08 940.158 0.631126 2.63178 6.16766
41	2.9541e+09 2.67067 0.0304798 0.00384859 7.22212e-08 1004.12 0.556824 2.436 5.02004
42	2.9541e+09 2.67067 0.856405 0.00351206 1.34023e-06 940.158 0.510102 2.436 5.02004
43	2.9541e+09 2.65173 0.856405 0.00351206 1.34023e-06 940.158 0.510102 2.436 3.36921
44	2.9541e+09 2.67067 1.14259 0.00350788 1.5038e-06 1004.12 0.392604 2.63178 5.02004
45	1.38863e+09 2.58832 1.14259 0.00350788 1.5038e-06 1014.99 0.392604 2.436 3.95942
46	7.92386e+08 2.44789 0.114316 0.00237673 8.48124e-08 1440.24 0.282987 2.81792 4.81518
47	1.38863e+09 2.58832 0.114316 0.00237673 8.48124e-08 1440.24 0.421455 2.81792 3.95942
48	3.10291e+09 2.59579 0.264543 0.0037641 6.79238e-07 1440.24 0.321046 2.88734 3.95942
49	3.10291e+09 2.59579 0.207366 0.0037641 3.52279e-08 1363.11 0.321046 2.79218 3.68894
50	3.10291e+09 2.59579 0.207366 0.0037641 1.41921e-07 1162.99 0.321046 2.79218 3.68894
51	3.10291e+09 2.62677 0.207366 0.00463473 1.41921e-07 1042.57 0.509136 2.6448 3.56745
52	1.12093e+09 2.59579 0.189555 0.00463473 3.19265e-08 814.904 0.433199 2.79218 3.68894
53	1.12093e+09 2.62677 0.189555 0.0036473 3.19265e-08 715.077 0.509136 2.6448 3.50774
54	1.12093e+09 2.62677 0.189555 0.0036473 1.41921e-07 814.904 0.601672 2.56625 3.10502
55	3.754e+09 2.62677 0.189555 0.0036473 1.54779e-06 742.817 0.755596 2.48257 3.10502
56	3.754e+09 2.51314 0.082875 0.0036473 1.54779e-06 814.904 0.755596 2.5595 3.40128
57	3.754e+09 2.51314 0.082875 0.0036473 1.54779e-06 816.881 0.755596 2.5595 3.40128
58	8.71039e+08 2.3292 0.082875 0.0033202 5.95866e-08 820.119 0.755596 2.5595 3.40128
59	4.18258e+08 2.14888 0.0479902 0.00365205 4.32333e-08 1435.04 0.591709 2.1355 5.43442
60	4.18258e+08 2.14888 0.035743 0.00365205 4.32333e-08 1435.04 0.548187 2.5595 5.43442
61	8.71039e+08 2.3292 0.0479902 0.00392815 5.95866e-08 1435.04 0.467758 2.1355 5.43442
62	2.01021e+09 2.46045 0.0537418 0.00481775 1.40524e-06 1435.04 0.500984 2.1355 4.38374
63	4.52337e+09 2.48588 0.0537418 0.00522072 1.93864e-06 991.686 0.548187 2.64571 4.38374
64	4.52337e+09 2.531 2.58991 0.00522072 1.93864e-06 991.686 0.548187 3.00106 4.38374
65	4.52337e+09 2.48591 2.58991 0.00538044 1.68817e-06 1039.34 0.532049 3.07428 3.87425
66	3.81144e+09 2.48588 0.358147 0.0065879 1.40524e-06 1039.34 0.532049 3.34369 4.38374
67	3.81144e+09 2.48588 0.358147 0.00662377 1.09427e-07 834.544 0.575029 3.07428 3.87425
68	3.81144e+09 2.22465 0.358147 0.00662377 1.09427e-07 1039.34 0.532049 3.34882 5.59168
69	6.86646e+09 2.22465 0.358147 0.00662377 7.85047e-07 856.767 0.36863 3.07428 3.87425
70	1.60985e+09 2.21601 0.241715 0.00411033 1.92082e-07 856.767 0.36863 2.58452 3.73777
71	3.12213e+09 2.22465 0.747942 0.00411033 7.85047e-07 936.84 0.529809 1.96132 3.73777
72	6.86646e+09 2.45373 0.902673 0.00411033 1.38602e-06 1109.02 0.529809 1.96132 3.73777
73	3.12213e+09 2.45373 0.747942 0.00406015 1.38602e-06 1109.02 0.636289 1.96132 3.73777
74	5.98206e+08 2.21601 0.127785 0.0061411 1.92082e-07 1109.02 0.654473 1.76548 3.84422
75	1.52906e+09 2.61769 0.127785 0.0061411 1.01727e-07 1109.02 0.672656 1.34268 6.27204
76	1.52906e+09 2.58288 0.127785 0.00459977 1.01727e-07 1246.21 0.672656 1.34268 6.27204
77	1.52906e+09 2.35938 0.127785 0.00403772 1.01727e-07 1246.21 0.672656 1.81047 6.27204
78	1.52906e+09 2.35938 0.0307482 0.00403772 1.01727e-07 1246.21 0.672656 1.81047 6.27204
79	5.28037e+09 2.35938 0.197681 0.0027375 7.40285e-07 1246.21 0.665999 1.93488 6.3157
80	6.21499e+09 2.26953 0.197681 0.00403772 7.40285e-07 1141.96 0.665999 1.94186 3.99367
81	8.02672e+09 1.83324 0.160051 0.00283223 7.40285e-07 567.599 0.780832 2.84702 3.99367
82	6.21499e+09 1.50186 0.160051 0.00283223 1.683e-07 567.599 0.834478 2.84702 5.54946
83	6.21499e+09 1.5 0.160051 0.00360647 7.40285e-07 525.788 0.835977 2.84702 5.54946
84	8.52212e+08 1.5 0.0336217 0.00421315 1.683e-07 525.788 0.835977 3.09324 5.54946
85	8.52212e+08 1.5 0.0336217 0.00404728 2.64966e-05 525.788 0.835977 5.14773 5.92316
86	8.52212e+08 1.51931 0.0462359 0.00421315 1.5643e-05 1080 0.834478 3.09324 5.92316
87	8.52212e+08 1.52292 0.0462359 0.00404728 1.5643e-05 1080 0.787497 5.14773 5.92316
88	9.07631e+08 1.52292 0.07998 0.00421315 1.26131e-07 1080 0.715578 5.14773 5.14773
89	5.50465e+09 1.55974 0.323385 0.00433538 3.20323e-06 1248.68 0.643065 5.14773 5.14773
90	5.50465e+09 1.76881 1.31867 0.00433538 1.26131e-07 1308.9 0.522695 6.19133 6.19133
91	8.42799e+09 1.84086 1.31867 0.00408079 1.26131e-07 1308.9 0.476628 6.19133 6.19133
92	8.42799e+09 1.84086 3.05504 0.00433538 1.56722e-06 1308.9 0.476628 6.19133 6.19133
93	9.90675e+09 1.86627 3.06977 0.00433538 2.56168e-06 1308.9 0.476628 2.5391 4.99708
94	1.47614e+10 2.17855 3.59288 0.00408079 1.56722e-06 1100.14 0.32919 2.5391 6.21123
95	1.47614e+10 1.86627 3.59288 0.00527264 2.31599e-06 1100.14 0.476628 2.50905 4.99708
96	1.47614e+10 1.86627 3.59288 0.00607784 1.56722e-06 1098.7 0.32919 2.11804 6.21123
97	1.47614e+10 1.86627 3.59288 0.00527264 8.36078e-07 1100.14 0.364513 2.11804 8.11539
98	4.53135e+09 1.76742 3.59288 0.00527264 8.36078e-07 1100.14 0.364513 2.11804 8.11539
99	4.53135e+09 1.76742 2.88917 0.00536389 8.36078e-07 1070.68 0.544846 2.11804 4.4984
100	4.53135e+09 1.75348 2.88917 0.00558932 8.36078e-07 1070.68 0.58005 1.89749 6.20718
101	1.10511e+10 1.77907 1.51186 0.00536389 5.99128e-06 1242.38 0.612432 2.41436 6.20718
102	1.10511e+10 1.77907 1.51186 0.00536389 5.99128e-06 1242.38 0.612432 2.41436 6.20718
103	1.10511e+10 1.77907 1.33926 0.00536389 3.6726e-06 1260.25 0.58005 2.22634 9.51803
104	2.3194e+09 1.77907 1.51186 0.00558932 3.6726e-06 1260.25 0.344954 2.22634 15.6858
105	2.3194e+09 1.77907 1.77284 0.00909505 5.58038e-07 1242.38 0.337364 2.22634 15.6858
106	1.33545e+09 1.5 1.77284 0.013438 5.4257e-07 1260.25 0.241496 1.71468 15.6858
107	1.09607e+09 1.5 0.988087 0.0317076 5.5025e-07 1323.27 0.212758 1.45128 8.37581
108	1.33545e+09 1.5 1.77284 0.0748154 5.4257e-07 1122.73 0.241496 1.22835 4.47247
