id	family	param	value	vertices	tets
bar00	bar	taper	0.2000	9317	43200
bar01	bar	taper	0.2727	9317	43200
bar02	bar	taper	0.3455	9317	43200
bar03	bar	taper	0.4182	9317	43200
bar04	bar	taper	0.4909	9317	43200
bar05	bar	taper	0.5636	9317	43200
bar06	bar	taper	0.6364	9317	43200
bar07	bar	taper	0.7091	9317	43200
bar08	bar	taper	0.7818	9317	43200
bar09	bar	taper	0.8545	9317	43200
bar10	bar	taper	0.9273	9317	43200
bar11	bar	taper	1.0000	9317	43200
plate00	plate	aspect	1.0000	10086	48000
plate01	plate	aspect	1.1818	8610	40800
plate02	plate	aspect	1.3636	7380	34800
plate03	plate	aspect	1.5455	6642	31200
plate04	plate	aspect	1.7273	5904	27600
plate05	plate	aspect	1.9091	5412	25200
plate06	plate	aspect	2.0909	4920	22800
plate07	plate	aspect	2.2727	4674	21600
plate08	plate	aspect	2.4545	4182	19200
plate09	plate	aspect	2.6364	3936	18000
plate10	plate	aspect	2.8182	3690	16800
plate11	plate	aspect	3.0000	3444	15600
bell00	bell	flare	0.0000	16560	81000
bell01	bell	flare	0.1091	16560	81000
bell02	bell	flare	0.2182	16560	81000
bell03	bell	flare	0.3273	16560	81000
bell04	bell	flare	0.4364	16560	81000
bell05	bell	flare	0.5455	16560	81000
bell06	bell	flare	0.6545	16560	81000
bell07	bell	flare	0.7636	16560	81000
bell08	bell	flare	0.8727	16560	81000
bell09	bell	flare	0.9818	16560	81000
bell10	bell	flare	1.0909	16560	81000
bell11	bell	flare	1.2000	16560	81000
