id	family	param	value	dynamic	source	modes	loss	h_over_w	coil_hz	coil_q	swings	bark_target	bark_model
tine-m4-h-0.05004	tine-m4-h-0.05	midi	52	all	v070/e3.wav	1	0.6756	-0.008	704	13.87	1.84	+26/-2/+11	+27/-14/+13
tine-m4-h-0.05005	tine-m4-h-0.05	midi	58	all	v070/a#3.wav	1	0.5210	-0.010	876	15.27	1.68	+22/-6/+6	+22/-14/+6
tine-m4-h-0.05006	tine-m4-h-0.05	midi	64	all	v070/e4.wav	1	0.5002	-0.012	573	2.58	1.48	+19/-13/-4	+19/-38/-37
tine-m4-h-0.05007	tine-m4-h-0.05	midi	70	all	v070/a#4.wav	1	0.3099	-0.008	636	5.26	1.63	+15/-22/-17	+14/-43/-36
tine-m4-h-0.05008	tine-m4-h-0.05	midi	76	all	v070/e5.wav	1	0.2961	0.014	896	3.73	1.59	+7/-35/-35	+7/-48/-47
tine-m4-h-0.05009	tine-m4-h-0.05	midi	82	all	v070/a#5.wav	2	1.7911	0.123	1879	10.19	1.07	-4/-56/-58	+0/-59/-92
tine-m4-h-0.05010	tine-m4-h-0.05	midi	88	all	v070/e6.wav	1	2.0423	0.267	1329	8.62	0.51	-120/-112/-131	-72/-124/-147
tine-m4-h-0.05011	tine-m4-h-0.05	midi	94	all	v070/a#6.wav	3	0.5519	0.509	1872	3.99	0.96	-116/-110/-134	-74/-103/-133
tine-m4-h-0.05012	tine-m4-h-0.05	midi	100	all	v070/e7.wav	3	0.4841	0.526	2669	3.78	1.03	-108/-107/-129	-76/-103/-128
